smiles_b,reacted_b
Nc1nc(cs1)C(O)=O,NC1=NC(C(=O)[At])=CS1
FC1=CC=C(C=O)C=C1Br,FC1=C(Br)C=C(C[At])C=C1
Cn1nccc1C(O)=O,CN1N=CC=C1C(=O)[At]
OC(=O)CCCCC1=CC=C(F)C=C1,O=C([At])CCCCC1=CC=C(F)C=C1
CS(=O)(=O)NC1=CC=C(C=C1)C(O)=O,CS(=O)(=O)NC1=CC=C(C(=O)[At])C=C1
OC(=O)C1=CC(F)=C(C=C1)C(F)(F)F,O=C([At])C1=CC=C(C(F)(F)F)C(F)=C1
OC(=O)C1=CC=C(OC(F)F)C=C1,O=C([At])C1=CC=C(OC(F)F)C=C1
CC(C)(C)OC(=O)N1CCCC(CC(O)=O)C1,CC(C)(C)OC(=O)N1CCCC(CC(=O)[At])C1
OCC1=CC=C(CC(O)=O)C=C1,O=C([At])CC1=CC=C(CO)C=C1
CC1=C(C=CC=C1Cl)C(O)=O,CC1=C(Cl)C=CC=C1C(=O)[At]
CC1=C(Cl)C=CC(=C1)C(O)=O,CC1=C(Cl)C=CC(C(=O)[At])=C1
FC1=CC(Cl)=CC(C=O)=C1,FC1=CC(Cl)=CC(C[At])=C1
[O-][N+](=O)C1=CC=C(\\C=C\\C=O)C=C1,O=[N+]([O-])C1=CC=C(/C=C/C[At])C=C1
COC1=C(OC)C=C(C=O)C=C1,COC1=CC=C(C[At])C=C1OC
COC1=CC(CCC(O)=O)=CC(OC)=C1OC,COC1=CC(CCC(=O)[At])=CC(OC)=C1OC
OC(=O)C1=C(O)N=CC(=C1)[N+]([O-])=O,O=C([At])C1=CC([N+](=O)[O-])=CN=C1O
COC1=CC(=CC=N1)C(O)=O,COC1=CC(C(=O)[At])=CC=N1
OC(=O)CCCC1=CC=C(F)C=C1,O=C([At])CCCC1=CC=C(F)C=C1
C[C@H](N(C)C(=O)OC(C)(C)C)C(O)=O,C[C@@H](C(=O)[At])N(C)C(=O)OC(C)(C)C
CC1=C(C=CC(Cl)=C1)C(O)=O,CC1=CC(Cl)=CC=C1C(=O)[At]
CC1=C(C=CC=C1)C(O)=O,CC1=CC=CC=C1C(=O)[At]
COC(=O)C1=CC(=CC=N1)C(O)=O,O=C(O)C1=CC(C(=O)[At])=NC=C1
OC(=O)\\C=C/C1=CC=CS1,O=C([At])/C=C\C1=CC=CS1
CC(C)[C@@H](NC(=O)OC(C)(C)C)C(O)=O,CC(C)[C@@H](NC(=O)OC(C)(C)C)C(=O)[At]
OC(=O)C1=CC2=C(N1)C=C(F)C=C2,O=C([At])C1=CC2=C(C=C(F)C=C2)N1
O=CC1=CC=C2NN=CC2=C1,[At]CC1=CC2=C(C=C1)NN=C2
OC1=C(C=CC=C1C=O)[N+]([O-])=O,O=[N+]([O-])C1=CC=CC(C[At])=C1O
OC(=O)C1=CC=C(C(F)=C1)C1=CC=CC=C1,O=C([At])C1=CC(F)=C(C2=CC=CC=C2)C=C1
COC1=CC(C)=C(C=C1)C(O)=O,COC1=CC=C(C(=O)[At])C(C)=C1
OC(=O)CC1=CC(O)=CC=C1,O=C([At])CC1=CC=CC(O)=C1
OC(=O)[C@H]1CCC(=O)N1,O=C1CC[C@H](C(=O)[At])N1
OC(=O)C1C[C@@H]2CC[C@H]1C2,O=C([At])C1C[C@@H]2CC[C@H]1C2
ClC1=C(C=O)C=CC(Br)=C1,ClC1=CC(Br)=CC=C1C[At]
OC(=O)C1=CC(=C(O)N=C1)[N+]([O-])=O,O=C([At])C1=CN=C(O)C([N+](=O)[O-])=C1
COC1=CC=CC(F)=C1C(O)=O,COC1=C(C(=O)[At])C(F)=CC=C1
CC(C)(C)OCCC(O)=O,CC(C)(C)OCCC(=O)[At]
OC(=O)C1=CC=C(OC2=CC=CC=C2)N=C1,O=C([At])C1=CN=C(OC2=CC=CC=C2)C=C1
COC1=CC(=CC(OC)=C1OC)C(O)=O,COC1=CC(C(=O)[At])=CC(OC)=C1OC
O=CC1=CC=CC2=C1C=CN2,[At]CC1=C2C=CNC2=CC=C1
COC1=C(OCC(O)=O)C=CC=C1,COC1=CC=CC=C1OCC(=O)[At]
OC(=O)\\C=C\\C1=CC=C(C=C1)C1=CC=CC=C1,O=C([At])/C=C/C1=CC=C(C2=CC=CC=C2)C=C1
CC(C)C[C@H](O)C(O)=O,CC(C)C[C@H](O)C(=O)[At]
CC(=O)N1CCC(CC1)C(O)=O,CC(=O)N1CCC(C(=O)[At])CC1
CC(C)(C)OC(=O)NCC(O)=O,CC(C)(C)OC(=O)NCC(=O)[At]
COC1=C(C=C(C=C1)/C=C/C(O)=O)OC,COC1=CC=C(/C=C/C(=O)[At])C=C1OC
COC1=CC(C=O)=CC=C1C,COC1=CC(C[At])=CC=C1C
CN(C)C1=CC=C(C=C1)C(O)=O,CN(C)C1=CC=C(C(=O)[At])C=C1
COC1=CC(=CC=C1C(C)(C)C)C(O)=O,COC1=CC(C(=O)[At])=CC=C1C(C)(C)C
FC1=CC(C=O)=CC=C1OC(F)(F)F,FC1=CC(C[At])=CC=C1OC(F)(F)F
CC1=CC(C(O)=O)=C(C=C1)[N+]([O-])=O,CC1=CC(C(=O)[At])=C([N+](=O)[O-])C=C1
OC(=O)CCC1=CC2=C(OCO2)C=C1,O=C([At])CCC1=CC=C2OCOC2=C1
O=CC1=CC=NC=C1,[At]CC1=CC=NC=C1
CC(C)(C)OC(=O)NCCCCC(O)=O,CC(C)(C)OC(=O)NCCCCC(=O)[At]
OC(=O)CCS(=O)(=O)C1=CC=CC=C1,O=C([At])CCS(=O)(=O)C1=CC=CC=C1
OC(=O)C1=CC=CN=C1C(F)(F)F,O=C([At])C1=C(C(F)(F)F)N=CC=C1
CC(C)(C)OC(=O)N[C@H]1CC[C@H](CC(O)=O)CC1,CC(C)(C)OC(=O)N[C@H]1CC[C@H](CC(=O)[At])CC1
OC(=O)C1CN(CC2=CC=CC=C2)C(=O)C1,O=C([At])C1CC(=O)N(CC2=CC=CC=C2)C1
OC(=O)c1cccc2cn[nH]c12,O=C([At])C1=C2NN=CC2=CC=C1
OC(=O)C=C,C=CC(=O)[At]
OC(=O)\\C=C\\C1=CC(F)=CC=C1,O=C([At])/C=C/C1=CC=CC(F)=C1
CC(C)(C)OC(=O)N[C@H](CC1CCCCC1)C(O)=O,CC(C)(C)OC(=O)N[C@H](CC1CCCCC1)C(=O)[At]
OC(=O)\\C=C\\C1=C(F)C=CC(Br)=C1,O=C([At])/C=C/C1=CC(Br)=CC=C1F
CC1(C)C(C(O)=O)C1(C)C,CC1(C)C(C(=O)[At])C1(C)C
COC1=CC(C(O)=O)=C(Br)C=C1,COC1=CC(C(=O)[At])=C(Br)C=C1
CS(=O)(=O)NC1=CC=CC(C=O)=C1,CS(=O)(=O)NC1=CC=CC(C[At])=C1
OC(=O)C1=CC=CC(=C1F)C(F)(F)F,O=C([At])C1=C(F)C(C(F)(F)F)=CC=C1
CCC1=CC=C(C=C1)C(O)=O,CCC1=CC=C(C(=O)[At])C=C1
COC1=CC=C(C(O)=O)C(Cl)=C1OC,COC1=C(OC)C(Cl)=C(C(=O)[At])C=C1
OC(=O)C1=C(O)C=CC(=C1)S(O)(=O)=O,O=C([At])C1=CC(S(=O)(=O)O)=CC=C1O
OC(=O)C1=C(Cl)C=C(Cl)C=C1,O=C([At])C1=CC=C(Cl)C=C1Cl
ClC1=C(C=O)C=C(Br)C=C1,ClC1=CC=C(Br)C=C1C[At]
OC(=O)CC1=C(F)C(F)=CC=C1,O=C([At])CC1=CC=CC(F)=C1F
FC1=C(Cl)C=CC(C=O)=C1,FC1=C(Cl)C=CC(C[At])=C1
OC(=O)C1=CN=C2C=CC=CC2=N1,O=C([At])C1=NC2=CC=CC=C2N=C1
CC(C)(C)OC(=O)NCCCCCC(O)=O,CC(C)(C)OC(=O)NCCCCCC(=O)[At]
COC1=CC=C(CCCC(O)=O)C=C1,COC1=CC=C(CCCC(=O)[At])C=C1
OC(=O)C1=NC=C(F)C=C1,O=C([At])C1=CC=C(F)C=N1
OC(=O)C1=CC=C(F)C(Br)=N1,O=C([At])C1=NC(Br)=C(F)C=C1
BrC1=CC=C(C=O)N=C1,BrC1=CN=C(C[At])C=C1
O=CC1=CC=C(C=C1)C1=NC=CC=C1,[At]CC1=CC=C(C2=CC=CC=N2)C=C1
CC(C)(C)OC[C@H](NC(=O)OC(C)(C)C)C(O)=O,CC(C)(C)OC[C@H](NC(=O)OC(C)(C)C)C(=O)[At]
ClC1=NC(Cl)=C(C=O)C=C1,ClC1=CC=C(C[At])C(Cl)=N1
CC1=C(Cl)C=C(C=C1)C(O)=O,CC1=CC=C(C(=O)[At])C=C1Cl
OC(=O)CC1=C(F)C=CC(F)=C1F,O=C([At])CC1=C(F)C(F)=CC=C1F
CCC(C)C(O)=O,CCC(C)C(=O)[At]
BrC1=NC=C(C=O)C=C1,BrC1=CC=C(C[At])C=N1
OC(=O)C1=CC=C(Cl)C(Br)=C1,O=C([At])C1=CC(Br)=C(Cl)C=C1
CC1=CC(=CC(=C1)C(F)(F)F)C(O)=O,CC1=CC(C(=O)[At])=CC(C(F)(F)F)=C1
FC1=C(C=O)C=CC=C1,FC1=CC=CC=C1C[At]
CC1=NC=C(C=N1)C(O)=O,CC1=NC=C(C(=O)[At])C=N1
OC(=O)C1=CC=C(OC2=CC=CC=C2)C=C1,O=C([At])C1=CC=C(OC2=CC=CC=C2)C=C1
OC(=O)C#CC1CC1,O=C([At])C#CC1CC1
CC(=O)C1=CC=C(C=C1)C(O)=O,CC(=O)C1=CC=C(C(=O)[At])C=C1
CC1=NC2=CC(=NN2C(C)=C1)C(O)=O,CC1=NC2=CC(C(=O)[At])=NN2C(C)=C1
OC(=O)C1=CSC(=N1)C(F)(F)F,O=C([At])C1=CSC(C(F)(F)F)=N1
CC(C)(C)OC(=O)N1CCC2=C(C1)SC(=C2)C(O)=O,CC(C)(C)OC(=O)N1CCC2=C(C1)SC(C(=O)[At])=C2
CC(=O)NCCCC[C@H](NC(=O)OC(C)(C)C)C(O)=O,CC(=O)NCCCC[C@H](NC(=O)OC(C)(C)C)C(=O)[At]
O=CCCC1=CC=CC=C1,[At]CCCC1=CC=CC=C1
CC(NC(=O)OC(C)(C)C)C(O)=O,CC(NC(=O)OC(C)(C)C)C(=O)[At]
CC1=C(SC(=N1)C1=CC=CC=C1)C(O)=O,CC1=C(C(=O)[At])SC(C2=CC=CC=C2)=N1
OC(=O)C1CC(O)(C1)C(F)(F)F,O=C([At])C1CC(O)(C(F)(F)F)C1
CC1=C(C=NN1C1=CC=CC=C1)C(O)=O,CC1=C(C(=O)[At])C=NN1C1=CC=CC=C1
BrC1=CC=C(OC2=CC=C(C=O)C=C2)C=C1,BrC1=CC=C(OC2=CC=C(C[At])C=C2)C=C1
OC(=O)C1=CC=NC(F)=C1,O=C([At])C1=CC(F)=NC=C1
OC(=O)C1=CC=C2OCCOC2=C1,O=C([At])C1=CC2=C(C=C1)OCCO2
ClC1=C(Br)C=CC(C=O)=C1,ClC1=C(Br)C=CC(C[At])=C1
COC1=CC(C=O)=CC(OC)=C1,COC1=CC(C[At])=CC(OC)=C1
OCCOC1=CC=C(C=O)C=C1,OCCOC1=CC=C(C[At])C=C1
COC1=C(F)C=C(C=O)C(F)=C1,COC1=CC(F)=C(C[At])C=C1F
FC1=CC=C(C=O)C=C1C(F)(F)F,FC1=C(C(F)(F)F)C=C(C[At])C=C1
CC1=C(Br)C(=CC=C1)C(O)=O,CC1=C(Br)C(C(=O)[At])=CC=C1
OC(=O)C1=CC=C(C=C1F)C#N,N#CC1=CC(F)=C(C(=O)[At])C=C1
COC1=CC=C(CCC(O)=O)C(OC)=C1,COC1=CC(OC)=C(CCC(=O)[At])C=C1
OC(=O)CCOC1=CC=C(C=C1)[N+]([O-])=O,O=C([At])CCOC1=CC=C([N+](=O)[O-])C=C1
OC(=O)C1=CC=C(F)C=C1,O=C([At])C1=CC=C(F)C=C1
CC1=C(C(O)=O)C(C)=NO1,CC1=NOC(C)=C1C(=O)[At]
CC(=O)NC1=CC=CC(=C1)C(O)=O,CC(=O)NC1=CC=CC(C(=O)[At])=C1
OC(=O)C1=CC=CC2=C1N=CN2,O=C([At])C1=C2N=CNC2=CC=C1
CCCCC1=NC(C=O)=C(Cl)N1,CCCCC1=NC(C[At])=C(Cl)N1
OC(=O)C1(O)CCCC1,O=C([At])C1(O)CCCC1
COC1=CC=C(C=O)C(C)=C1,COC1=CC(C)=C(C[At])C=C1
OC(=O)C(Br)C1=CC=CC=C1,O=C([At])C(Br)C1=CC=CC=C1
OC(=O)C1=CC=C(O)C=C1,O=C([At])C1=CC=C(O)C=C1
OC(=O)CC1CCC=C1,O=C([At])CC1C=CCC1
OC(C(O)=O)C1=CC=C(F)C=C1,O=C([At])C(O)C1=CC=C(F)C=C1
OC(=O)C1=CC2=C(CCC2)C=C1,O=C([At])C1=CC=C2CCCC2=C1
O=CC1=CC=C(OC2=CC=CC=C2)N=C1,[At]CC1=CN=C(OC2=CC=CC=C2)C=C1
OC(=O)\\C=C\\C1=CC(O)=CC=C1,O=C([At])/C=C/C1=CC=CC(O)=C1
CC(C)CCCC(O)=O,CC(C)CCCC(=O)[At]
OC(=O)C1=CSC=N1,O=C([At])C1=CSC=N1
OC(=O)C1=CC(Cl)=CC=N1,O=C([At])C1=NC=CC(Cl)=C1
FC1(F)OC2=C(O1)C=C(C=O)C=C2,FC1(F)OC2=CC=C(C[At])C=C2O1
OC(=O)c1cccc2[nH]ncc12,O=C([At])C1=C2C=NNC2=CC=C1
CC1=CC=C(CCCC(O)=O)C=C1,CC1=CC=C(CCCC(=O)[At])C=C1
CC(C)(C)OC(=O)N1CC[C@@H](C1)C(O)=O,CC(C)(C)OC(=O)N1CC[C@H](C(=O)[At])C1
O=CC1=C2C=CC=CC2=CC2=CC=CC=C12,[At]CC1=C2C=CC=CC2=CC2=C1C=CC=C2
OC(=O)C1=C(F)C(O)=C(F)C(F)=C1,O=C([At])C1=CC(F)=C(F)C(O)=C1F
CC(C)(C)OC(=O)N[C@H](CC1=CC=C(F)C=C1)C(O)=O,CC(C)(C)OC(=O)N[C@H](CC1=CC=C(F)C=C1)C(=O)[At]
OC(=O)C1=C(I)C=CS1,O=C([At])C1=C(I)C=CS1
CCOC1=CC=C(CCC(O)=O)C=C1,CCOC1=CC=C(CCC(=O)[At])C=C1
O=CC1=C2C=NNC2=CC=C1,[At]CC1=CC=CC2=C1C=NN2
CN1C=CC(=N1)C(O)=O,CN1C=CC(C(=O)[At])=N1
OC[C@@H](O)[C@@H](O)[C@H](O)C=O,OC[C@@H](O)[C@@H](O)[C@H](O)C[At]
CSCCC(O)=O,CSCCC(=O)[At]
OC(=O)C1=CN=C(Br)S1,O=C([At])C1=CN=C(Br)S1
CC(OC1=CC=CC=C1)C(O)=O,CC(OC1=CC=CC=C1)C(=O)[At]
COC1=C(C=CC(=C1)[N+]([O-])=O)C(O)=O,COC1=CC([N+](=O)[O-])=CC=C1C(=O)[At]
CC1=C(C=C(C=C1)[N+]([O-])=O)C(O)=O,CC1=CC=C([N+](=O)[O-])C=C1C(=O)[At]
CC1=NC=C(S1)C(O)=O,CC1=NC=C(C(=O)[At])S1
OC(=O)CCCCCNC(=O)OCC1=CC=CC=C1,O=C([At])CCCCCNC(=O)OCC1=CC=CC=C1
OC(CC(O)=O)C1=CC=CC=C1,O=C([At])CC(O)C1=CC=CC=C1
CC1=C(C=C(C=O)C=C1)[N+]([O-])=O,CC1=CC=C(C[At])C=C1[N+](=O)[O-]
OC(=O)CSCC1=CC=CC=C1,O=C([At])CSCC1=CC=CC=C1
CC1=C(N=CC=C1)C(O)=O,CC1=CC=CN=C1C(=O)[At]
COC1=CC(CC(O)=O)=CC(OC)=C1OC,COC1=CC(CC(=O)[At])=CC(OC)=C1OC
O=CC1=CC=CC2=C1N=CC=C2,[At]CC1=C2N=CC=CC2=CC=C1
C[C@@H](CC(O)=O)NC(=O)OC(C)(C)C,C[C@@H](CC(=O)[At])NC(=O)OC(C)(C)C
OC(=O)CCC1=C(Cl)C=CC=C1Cl,O=C([At])CCC1=C(Cl)C=CC=C1Cl
CC[C@H]1CC[C@@H](CC1)C(O)=O,CC[C@H]1CC[C@H](C(=O)[At])CC1
CC(=O)C1=CC=CC(=C1)C(O)=O,CC(=O)C1=CC=CC(C(=O)[At])=C1
OC(=O)C\\C=C\\C1=CC=CC=C1,O=C([At])C/C=C/C1=CC=CC=C1
CC1=CC(F)=CC(=C1)C(O)=O,CC1=CC(F)=CC(C(=O)[At])=C1
CC1=C(C=CC=C1C(F)(F)F)C(O)=O,CC1=C(C(F)(F)F)C=CC=C1C(=O)[At]
COC1=C(C=O)C(O)=CC=C1,COC1=CC=CC(O)=C1C[At]
CC(C)(C)OC(=O)N1CCCC1C(O)=O,CC(C)(C)OC(=O)N1CCCC1C(=O)[At]
CCCCC1=NC(C=O)=CN1,CCCCC1=NC(C[At])=CN1
OC(=O)C1CCN(CC1)C(=O)OCC1c2ccccc2-c2ccccc12,O=C([At])C1CCN(C(=O)OCC2C3=C(C=CC=C3)C3=C2C=CC=C3)CC1
CC(C)(C)OC(=O)N[C@@H](CC(O)=O)C(=O)OC(C)(C)C,CC(C)(C)OC(=O)N[C@@H](CC(=O)[At])C(=O)OC(C)(C)C
CC(=O)NCC(O)=O,CC(=O)NCC(=O)[At]
OC(=O)[C@@H]1CCCN1C(=O)OCC1=CC=CC=C1,O=C([At])[C@@H]1CCCN1C(=O)OCC1=CC=CC=C1
OC(=O)C1=CSC2=CC=CC=C12,O=C([At])C1=CSC2=CC=CC=C12
COC1=C(Cl)C=C(C=C1)C(O)=O,COC1=CC=C(C(=O)[At])C=C1Cl
FC1=C(OC2=CC=CC=C2)C=C(C=O)C=C1,FC1=CC=C(C[At])C=C1OC1=CC=CC=C1
OC(=O)C1=CC2=C(Br)C=CC=C2N1,O=C([At])C1=CC2=C(C=CC=C2Br)N1
COC1=C(O)C=CC(C=O)=C1,COC1=C(O)C=CC(C[At])=C1
O=CC1=CC(=CC=C1)C1=CC=CC=C1,[At]CC1=CC=CC(C2=CC=CC=C2)=C1
OC(=O)C1=CC=C(Br)C=C1,O=C([At])C1=CC=C(Br)C=C1
OC(=O)CCCC(=O)NC1=CC=CC=C1,O=C([At])CCCC(=O)NC1=CC=CC=C1
CC(=O)NC1=CC=C(C(O)=O)C(C)=C1,CC(=O)NC1=CC(C)=C(C(=O)[At])C=C1
COC1=CC=C(Br)C(C=O)=C1,COC1=CC=C(Br)C(C[At])=C1
C\\C=C(/C)C(O)=O,C/C=C(\C)C(=O)[At]
OC(=O)c1cccc2ncccc12,O=C([At])C1=C2C=CC=NC2=CC=C1
OC1CC(C1)C(O)=O,O=C([At])C1CC(O)C1
CC(C)(C)OC(=O)N[C@H]1CC[C@@H](CC1)C(O)=O,CC(C)(C)OC(=O)N[C@H]1CC[C@H](C(=O)[At])CC1
CCC[C@H](NC(=O)OC(C)(C)C)C(O)=O,CCC[C@H](NC(=O)OC(C)(C)C)C(=O)[At]
O=CC1=NC=CN1,[At]CC1=NC=CN1
C[C@@H](O)C(O)=O,C[C@@H](O)C(=O)[At]
CC(C)(C)C1CCC(CC1)C(O)=O,CC(C)(C)C1CCC(C(=O)[At])CC1
OC(=O)[C@H](CC1=CC=CC=C1)NC(=O)OCC1=CC=CC=C1,O=C(N[C@@H](CC1=CC=CC=C1)C(=O)[At])OCC1=CC=CC=C1
OC(=O)C1=C2C=CC=CC2=C(Br)C=C1,O=C([At])C1=CC=C(Br)C2=C1C=CC=C2
OC(=O)CCCC(F)(F)F,O=C([At])CCCC(F)(F)F
CC1=CC=C(I)C=C1C(O)=O,CC1=C(C(=O)[At])C=C(I)C=C1
CC1=CC=C(Cl)C=C1C(O)=O,CC1=C(C(=O)[At])C=C(Cl)C=C1
CC1=C(C=O)C(=NO1)C1=CC=CC=C1,CC1=C(C[At])C(C2=CC=CC=C2)=NO1
CC1=C(C=CO1)C(O)=O,CC1=C(C(=O)[At])C=CO1
CC1=C(C=CC(Br)=C1)C(O)=O,CC1=CC(Br)=CC=C1C(=O)[At]
CC(C(O)=O)C1=NNC(=O)C2=C1C=CC=C2,CC(C(=O)[At])C1=NNC(=O)C2=C1C=CC=C2
OC(=O)C1=CC(Cl)=CN=C1Br,O=C([At])C1=C(Br)N=CC(Cl)=C1
OC(=O)C1=NC=CN1,O=C([At])C1=NC=CN1
OC(=O)C1=CC=C(Br)C=C1Br,O=C([At])C1=C(Br)C=C(Br)C=C1
CS(=O)(=O)C1=CC=C(C=C1)C(O)=O,CS(=O)(=O)C1=CC=C(C(=O)[At])C=C1
OC(=O)\\C=C\\C1=C(C=CC=C1)C(F)(F)F,O=C([At])/C=C/C1=CC=CC=C1C(F)(F)F
CC(C)(C)OC(=O)N[C@@H](CO)C(O)=O,CC(C)(C)OC(=O)N[C@@H](CO)C(=O)[At]
CN1CCC(CC1=O)C(O)=O,CN1CCC(C(=O)[At])CC1=O
COC1=CC2=C(C=C(N2)C(O)=O)C=C1,COC1=CC2=C(C=C1)C=C(C(=O)[At])N2
OC(=O)C1=CC(F)=C(Br)C=C1,O=C([At])C1=CC=C(Br)C(F)=C1
OC(=O)C1=NNC(=C1)C1=CC=C(Cl)C=C1,O=C([At])C1=NNC(C2=CC=C(Cl)C=C2)=C1
OC(=O)C1=CN=C(Br)C=C1,O=C([At])C1=CC=C(Br)N=C1
CC(C)(C)[C@H]1CC[C@@H](CC1)C(O)=O,CC(C)(C)[C@H]1CC[C@H](C(=O)[At])CC1
OC(=O)CC1=CSC=C1,O=C([At])CC1=CSC=C1
OC(=O)C1=CC2=C(N1)C=CC(F)=C2,O=C([At])C1=CC2=C(C=CC(F)=C2)N1
COC(=O)C1=C(C=CC=C1)C(O)=O,O=C(O)C1=CC=CC=C1C(=O)[At]
COC1=CC=CC(C(O)=O)=C1OC,COC1=CC=CC(C(=O)[At])=C1OC
CC(C(O)=O)C1=CC=C(C(F)=C1)C1=CC=CC=C1,CC(C(=O)[At])C1=CC(F)=C(C2=CC=CC=C2)C=C1
COC1=CC(C(O)=O)=C(C=C1OC)[N+]([O-])=O,COC1=CC(C(=O)[At])=C([N+](=O)[O-])C=C1OC
COC1=CC(OC)=C(C=C1)C(O)=O,COC1=CC=C(C(=O)[At])C(OC)=C1
CC(N(C)C(=O)OC(C)(C)C)C(O)=O,CC(C(=O)[At])N(C)C(=O)OC(C)(C)C
OC1=C(C=O)C=C(C=C1)[N+]([O-])=O,O=[N+]([O-])C1=CC=C(O)C(C[At])=C1
CC1=CC=C(\\C=C\\C=O)C=C1,CC1=CC=C(/C=C/C[At])C=C1
CC(C(O)=O)C1=CC=C(C=C1)[N+]([O-])=O,CC(C(=O)[At])C1=CC=C([N+](=O)[O-])C=C1
OC(=O)\\C=C\\C1=CC(=CC=C1)[N+]([O-])=O,O=C([At])/C=C/C1=CC=CC([N+](=O)[O-])=C1
OC(=O)CC1CCC2=C1C=CC=C2,O=C([At])CC1CCC2=C1C=CC=C2
O=CC1CCCCC1,[At]CC1CCCCC1
ClC1=C(C=O)C=CC=N1,ClC1=NC=CC=C1C[At]
CC1=CC=CC=C1CCC(O)=O,CC1=C(CCC(=O)[At])C=CC=C1
O=CC1=CC2=C(C=C1)N=CS2,[At]CC1=CC=C2N=CSC2=C1
OC(=O)\\C=C\\C1=CC(O)=C(O)C=C1,O=C([At])/C=C/C1=CC=C(O)C(O)=C1
CC1=CC=CC(F)=C1C(O)=O,CC1=C(C(=O)[At])C(F)=CC=C1
FC(F)OC1=CC(C=O)=CC=C1,FC(F)OC1=CC(C[At])=CC=C1
OC(=O)CCC1=CC=CC(=C1)[N+]([O-])=O,O=C([At])CCC1=CC([N+](=O)[O-])=CC=C1
[O-][N+](=O)C1=C(\\C=C\\C=O)C=CC=C1,O=[N+]([O-])C1=CC=CC=C1/C=C/C[At]
OCC(O)=O,O=C([At])CO
CCC(O)=O,CCC(=O)[At]
OC(=O)CC1=CC(=C(O)C=C1)[N+]([O-])=O,O=C([At])CC1=CC=C(O)C([N+](=O)[O-])=C1
OC(=O)C1=C2OCCOC2=CC=C1,O=C([At])C1=CC=CC2=C1OCCO2
CC1=CC=CC(C(O)=O)=C1C,CC1=CC=CC(C(=O)[At])=C1C
OC(=O)C1=CC=C(C=C1)N1C=NC=N1,O=C([At])C1=CC=C(N2C=NC=N2)C=C1
CN1CC(=CO1)C(O)=O,CN1CC(C(=O)[At])=CO1
COC1=C(O)C=C(C=O)C=C1,COC1=CC=C(C[At])C=C1O
O=CC1=CNC=N1,[At]CC1=CNC=N1
CC(C)[C@@H](Br)C(O)=O,CC(C)[C@@H](Br)C(=O)[At]
CCC(C)C=O,CCC(C)C[At]
OC(=O)c1cnc[nH]1,O=C([At])C1=CN=CN1
CN1C=CC(C=O)=N1,CN1C=CC(C[At])=N1
Cn1ccnc1C(O)=O,CN1C=CN=C1C(=O)[At]
OC(=O)CC1=CC=CC(OC(F)(F)F)=C1,O=C([At])CC1=CC(OC(F)(F)F)=CC=C1
COC1=C(CCC(O)=O)C=CC=C1,COC1=CC=CC=C1CCC(=O)[At]
CC(C)(C)OC(=O)N1CCC(CC(O)=O)CC1,CC(C)(C)OC(=O)N1CCC(CC(=O)[At])CC1
OC(=O)CC1=CC=CS1,O=C([At])CC1=CC=CS1
CC(NC(=O)OCC1=CC=CC=C1)C(O)=O,CC(NC(=O)OCC1=CC=CC=C1)C(=O)[At]
OC(=O)[C@H]1CCOC1,O=C([At])[C@H]1CCOC1
CC1=CC=C(C=O)C=C1Cl,CC1=C(Cl)C=C(C[At])C=C1
COC1=CC=C(\\C=C\\C=O)C=C1,COC1=CC=C(/C=C/C[At])C=C1
CC1=C(SC=C1)C(O)=O,CC1=C(C(=O)[At])SC=C1
O=CC1=CC=CC2=C1OCO2,[At]CC1=C2OCOC2=CC=C1
COC1=CC=C(C=C1)C(O)C(O)=O,COC1=CC=C(C(O)C(=O)[At])C=C1
OC(=O)C1=CC(F)=CC(Cl)=C1,O=C([At])C1=CC(Cl)=CC(F)=C1
OC(=O)C1=CC2=C(C=C1)C=C(Br)C=C2,O=C([At])C1=CC=C2C=C(Br)C=CC2=C1
OC(=O)CC1CCCC1,O=C([At])CC1CCCC1
OC(=O)C1CCCCC1,O=C([At])C1CCCCC1
COC1=CC(=CC(OC)=C1C)C(O)=O,COC1=CC(C(=O)[At])=CC(OC)=C1C
CC1=C(C(O)=O)C(=NO1)C1=C(Cl)C=CC=C1,CC1=C(C(=O)[At])C(C2=CC=CC=C2Cl)=NO1
NC(=O)CC[C@H](NC(=O)OCC1=CC=CC=C1)C(O)=O,NC(=O)CC[C@H](NC(=O)OCC1=CC=CC=C1)C(=O)[At]
C[C@H](Cl)C(O)=O,C[C@H](Cl)C(=O)[At]
OC(=O)\\C=C\\C1=CC=C(F)C=C1,O=C([At])/C=C/C1=CC=C(F)C=C1
OC(=O)C1=C(Br)C=C(Br)S1,O=C([At])C1=C(Br)C=C(Br)S1
CCCC[C@@H](NC(=O)OCC1=CC=CC=C1)C(O)=O,CCCC[C@@H](NC(=O)OCC1=CC=CC=C1)C(=O)[At]
CC(C)(C)OC(=O)N1[C@@H](CC[C@@H]1C1=CC=CC=C1)C(O)=O,CC(C)(C)OC(=O)N1[C@@H](C2=CC=CC=C2)CC[C@H]1C(=O)[At]
COC1=C(F)C=CC(=C1)C(O)=O,COC1=C(F)C=CC(C(=O)[At])=C1
CN(CC=O)C(=O)OC(C)(C)C,CN(CC[At])C(=O)OC(C)(C)C
OC(=O)CCCOC1=CC=CC=C1,O=C([At])CCCOC1=CC=CC=C1
COC1CCCC(C1)C(O)=O,COC1CCCC(C(=O)[At])C1
O=CC1=CC=C(C=C1)C#N,N#CC1=CC=C(C[At])C=C1
O[C@H](C(O)=O)C1=CC=CC=C1,O=C([At])[C@@H](O)C1=CC=CC=C1
COC1=C(C=CC(=C1)C(O)=O)[N+]([O-])=O,COC1=C([N+](=O)[O-])C=CC(C(=O)[At])=C1
CCCCC(C)C(O)=O,CCCCC(C)C(=O)[At]
CCN(CC)C1=CC2=C(C=C1)C=C(C(O)=O)C(=O)O2,CCN(CC)C1=CC2=C(C=C1)C=C(C(=O)[At])C(=O)O2
OC(=O)\\C=C\\C1=COC=C1,O=C([At])/C=C/C1=COC=C1
CC(C)(C)OC(=O)N[C@H](C(O)=O)C1=CC=CC=C1,CC(C)(C)OC(=O)N[C@H](C(=O)[At])C1=CC=CC=C1
OC(=O)CC(C1=CC=CC=C1)C1=CC=CC=C1,O=C([At])CC(C1=CC=CC=C1)C1=CC=CC=C1
CCCCCCC(O)C(O)=O,CCCCCCC(O)C(=O)[At]
OC(=O)C1=CC2=C(O1)C=NC=C2,O=C([At])C1=CC2=C(C=NC=C2)O1
OC(=O)C1=C2C=CC=CC2=NC(Cl)=C1,O=C([At])C1=CC(Cl)=NC2=C1C=CC=C2
BrC1=CC=C(C=O)C=C1,BrC1=CC=C(C[At])C=C1
OC(=O)C(\\F)=C\\C1=CC=CC=C1,O=C([At])/C(F)=C/C1=CC=CC=C1
COC1=C(Cl)C=C(C=C1F)C(O)=O,COC1=C(F)C=C(C(=O)[At])C=C1Cl
COC1=C(C=C2C=CC=CC2=C1)C(O)=O,COC1=CC2=CC=CC=C2C=C1C(=O)[At]
C[C@H](NC(=O)OC(C)(C)C)C(O)=O,C[C@H](NC(=O)OC(C)(C)C)C(=O)[At]
OC(=O)C1=CC(F)=C(F)C=C1Cl,O=C([At])C1=C(Cl)C=C(F)C(F)=C1
OC(=O)\\C=C\\C1=CC(F)=CC(F)=C1,O=C([At])/C=C/C1=CC(F)=CC(F)=C1
O=CC1=CC=C(C=C1)N1C=NC=N1,[At]CC1=CC=C(N2C=NC=N2)C=C1
COC1=C(O)C=C(C=C1)C(O)=O,COC1=CC=C(C(=O)[At])C=C1O
O[C@@H](C(O)=O)C1=CC=CC=C1,O=C([At])[C@H](O)C1=CC=CC=C1
OC(=O)C1=CC=CC(CC#N)=C1,N#CCC1=CC=CC(C(=O)[At])=C1
OC(=O)C1CCCCCC1,O=C([At])C1CCCCCC1
COC(=O)c1cccc(c1)C(O)=O,O=C(O)C1=CC=CC(C(=O)[At])=C1
CC1=NN(C(=C1)C(O)=O)C1=CC=CC=C1,CC1=NN(C2=CC=CC=C2)C(C(=O)[At])=C1
CC1=CC2=C(NC(=C2)C(O)=O)C=C1,CC1=CC2=C(C=C1)NC(C(=O)[At])=C2
CN1C2=C(N(CC(O)=O)C=N2)C(=O)N(C)C1=O,CN1C(=O)C2=C(N=CN2CC(=O)[At])N(C)C1=O
OC(=O)C1=CC(Br)=CC(Cl)=C1,O=C([At])C1=CC(Cl)=CC(Br)=C1
CN1C=C(C=O)C(C)=N1,CC1=NN(C)C=C1C[At]
CC(C)(C)OC(=O)N1CCC(CC=O)CC1,CC(C)(C)OC(=O)N1CCC(CC[At])CC1
CN1C=NC=C1C(O)=O,CN1C=NC=C1C(=O)[At]
OC(=O)C1CCC1,O=C([At])C1CCC1
OC(=O)C1=CC(O)=CN=C1,O=C([At])C1=CN=CC(O)=C1
OC(=O)\\C=C\\C1=CC(Br)=CC=C1,O=C([At])/C=C/C1=CC=CC(Br)=C1
FC1=CC(C=O)=CC=C1Br,FC1=CC(C[At])=CC=C1Br
CC1(CC1)C(O)=O,CC1(C(=O)[At])CC1
O=CC1=CSC=N1,[At]CC1=CSC=N1
OC(=O)C1=CC=CC2=NSN=C12,O=C([At])C1=CC=CC2=NSN=C12
CC1=CC=C(C(O)=O)C(=C1O)[N+]([O-])=O,CC1=C(O)C([N+](=O)[O-])=C(C(=O)[At])C=C1
OC(=O)c1nccs1,O=C([At])C1=NC=CS1
CC1=CC=CC(=C1)C(O)=O,CC1=CC=CC(C(=O)[At])=C1
OC(=O)\\C=C\\C1=CC(Cl)=CC=C1,O=C([At])/C=C/C1=CC=CC(Cl)=C1
O=CC1=CN=CS1,[At]CC1=CN=CS1
CC1=C(N=CO1)C(O)=O,CC1=C(C(=O)[At])N=CO1
OC(=O)C1=CC=NC(=C1)C#N,N#CC1=NC=CC(C(=O)[At])=C1
OC(=O)CC=C,C=CCC(=O)[At]
OC(=O)C1=CC=C2N=C(Br)SC2=C1,O=C([At])C1=CC2=C(C=C1)N=C(Br)S2
O=CC1=CSN=N1,[At]CC1=CSN=N1
Cc1[nH]ncc1C(O)=O,CC1=C(C(=O)[At])C=NN1
[O-][N+](=O)C1=CC=C(F)C(C=O)=C1,O=[N+]([O-])C1=CC=C(F)C(C[At])=C1
COC1=CC=C(C=C1[N+]([O-])=O)C(O)=O,COC1=C([N+](=O)[O-])C=C(C(=O)[At])C=C1
CCCCCC(O)=O,CCCCCC(=O)[At]
OC[C@@H](O)[C@@H](O)[C@@H](O)C=O,OC[C@@H](O)[C@@H](O)[C@@H](O)C[At]
CSC1=CC(CC(O)=O)=CC=C1,CSC1=CC(CC(=O)[At])=CC=C1
C[C@@H](NC(=O)OC(C)(C)C)C(O)=O,C[C@@H](NC(=O)OC(C)(C)C)C(=O)[At]
CCOC1=C(C=O)C=CC=C1,CCOC1=CC=CC=C1C[At]
CC(C)(C)CC(O)=O,CC(C)(C)CC(=O)[At]
CC1=CC(C(O)=O)=C(F)C=C1Br,CC1=CC(C(=O)[At])=C(F)C=C1Br
FC(F)(F)C1=C(Cl)C=CC(C=O)=C1,FC(F)(F)C1=C(Cl)C=CC(C[At])=C1
COC1=CC(C=O)=CC(O)=C1OC,COC1=CC(C[At])=CC(O)=C1OC
BrC1=NC(C=O)=CS1,BrC1=NC(C[At])=CS1
OC(=O)CC1NC(=O)NC1=O,O=C([At])CC1NC(=O)NC1=O
O=CC1CCOC1,[At]CC1CCOC1
CC(C)C1=CC=CC(=C1)C(O)=O,CC(C)C1=CC=CC(C(=O)[At])=C1
CC1CC1C(O)=O,CC1CC1C(=O)[At]
OC(=O)\\C=C\\C1=CC(=CC=C1)C(F)(F)F,O=C([At])/C=C/C1=CC=CC(C(F)(F)F)=C1
O=CC1=CC=C(S1)C1=CC=CS1,[At]CC1=CC=C(C2=CC=CS2)S1
OC(=O)C1=CC=C(F)N=C1,O=C([At])C1=CN=C(F)C=C1
OC(=O)C1=CC(Br)=C(Br)S1,O=C([At])C1=CC(Br)=C(Br)S1
OC(=O)COC1=CC=C2C=CC=CC2=C1,O=C([At])COC1=CC2=CC=CC=C2C=C1
FC1=C(C=O)C(F)=C(F)C(Br)=C1,FC1=CC(Br)=C(F)C(F)=C1C[At]
OC(=O)CC1=C(F)C=CC=C1,O=C([At])CC1=CC=CC=C1F
CC1=CC=CC(C=O)=C1,CC1=CC=CC(C[At])=C1
COC1=C(OC)C=C(CCC(O)=O)C=C1,COC1=CC=C(CCC(=O)[At])C=C1OC
COC(=O)c1cccc(n1)C(O)=O,O=C(O)C1=CC=CC(C(=O)[At])=N1
CC(C)(O)CC(O)=O,CC(C)(O)CC(=O)[At]
OC(=O)CCCCC1=CC=CS1,O=C([At])CCCCC1=CC=CS1
OC(=O)\\C=C\\C1=CC=CO1,O=C([At])/C=C/C1=CC=CO1
OC(=O)C1=C2C=CC=CC2=NO1,O=C([At])C1=C2C=CC=CC2=NO1
OC(=O)C1=CC=C(I)C(O)=C1,O=C([At])C1=CC(O)=C(I)C=C1
OC(=O)C1=NC=NC=C1,O=C([At])C1=CC=NC=N1
COC1=CC(C(O)=O)=C(C=C1)[N+]([O-])=O,COC1=CC(C(=O)[At])=C([N+](=O)[O-])C=C1
OC(=O)CCCCCC1=CC=CC=C1,O=C([At])CCCCCC1=CC=CC=C1
CC(C)C1=CC=C(C=C1)C(O)=O,CC(C)C1=CC=C(C(=O)[At])C=C1
OC(=O)C1=NNC(=O)C=C1,O=C([At])C1=NNC(=O)C=C1
CC(C)(C)OC(=O)N1CCCC(C1)C(O)=O,CC(C)(C)OC(=O)N1CCCC(C(=O)[At])C1
[O-][N+](=O)C1=CC(C=O)=CS1,O=[N+]([O-])C1=CC(C[At])=CS1
CCN1C=C(C(O)=O)C(=O)C2=C1C(F)=C(F)C(F)=C2,CCN1C=C(C(=O)[At])C(=O)C2=C1C(F)=C(F)C(F)=C2
COC1=CC=CC(CCC(O)=O)=C1,COC1=CC=CC(CCC(=O)[At])=C1
ClC1=CC=C(C=C1)C1=CC=CC(C=O)=N1,ClC1=CC=C(C2=CC=CC(C[At])=N2)C=C1
OC(=O)[C@@H]1[C@H]2COC[C@@H]12,O=C([At])[C@H]1[C@@H]2COC[C@@H]21
OC(=O)C1=NNN=N1,O=C([At])C1=NNN=N1
OC(=O)C1=NC=CC=C1F,O=C([At])C1=C(F)C=CC=N1
ClC1=C(C=O)C=CN=C1,ClC1=CN=CC=C1C[At]
OC(=O)C1=NC=CC(Br)=C1,O=C([At])C1=CC(Br)=CC=N1
OC(=O)C1=CC(O)=C(C=C1)[N+]([O-])=O,O=C([At])C1=CC=C([N+](=O)[O-])C(O)=C1
OC(=O)C1CC2CC2C1,O=C([At])C1CC2CC2C1
COC1=CC=C(F)C=C1C=O,COC1=C(C[At])C=C(F)C=C1
OC(=O)C1=NC=C(Cl)N=C1,O=C([At])C1=CN=C(Cl)C=N1
CC1=CC=C(OCC(O)=O)C=C1,CC1=CC=C(OCC(=O)[At])C=C1
OC(=O)C1=CC(O)=CC(F)=C1,O=C([At])C1=CC(F)=CC(O)=C1
O=CCN1C(=O)C2=C(C=CC=C2)C1=O,O=C1C2=C(C=CC=C2)C(=O)N1CC[At]
OC(=O)C1=C(Cl)C=C(Br)C=C1,O=C([At])C1=CC=C(Br)C=C1Cl
OC(=O)C1=CC=C(O1)C1=CC=CC=C1,O=C([At])C1=CC=C(C2=CC=CC=C2)O1
OC(=O)CCCC1=CC=CC=C1,O=C([At])CCCC1=CC=CC=C1
OC(=O)C1=C2N=CC(Br)=CN2N=C1,O=C([At])C1=C2N=CC(Br)=CN2N=C1
OC(=O)C1=CC2=CC=CC(F)=C2N1,O=C([At])C1=CC2=C(N1)C(F)=CC=C2
CN1C=C(CC(O)=O)C2=C1C=CC=C2,CN1C=C(CC(=O)[At])C2=C1C=CC=C2
COC1=CC(C=O)=C(O)C=C1,COC1=CC(C[At])=C(O)C=C1
OC(=O)C1=CC=CO1,O=C([At])C1=CC=CO1
OC(=O)C1=CC=CC=C1OC(F)(F)F,O=C([At])C1=C(OC(F)(F)F)C=CC=C1
CC1=CC(=C(C=C1)C(O)=O)C(F)(F)F,CC1=CC=C(C(=O)[At])C(C(F)(F)F)=C1
COC1=CC=CC(C=O)=C1O,COC1=CC=CC(C[At])=C1O
CC(C)(C)OC(=O)NCC(C(O)=O)C1=CC=CC=C1,CC(C)(C)OC(=O)NCC(C(=O)[At])C1=CC=CC=C1
OC(=O)CNC(=O)OCC1=CC=CC=C1,O=C([At])CNC(=O)OCC1=CC=CC=C1
OC(=O)C1=CC2=C(S1)C=CC(=C2)[N+]([O-])=O,O=C([At])C1=CC2=C(C=CC([N+](=O)[O-])=C2)S1
COC1=CC(C=O)=CC(OC)=C1Br,COC1=CC(C[At])=CC(OC)=C1Br
OC(=O)C1=C(OC2=CC=CC=C2)C=CC=C1,O=C([At])C1=CC=CC=C1OC1=CC=CC=C1
O=C\\C=C\\C1=CC=CC=C1,[At]C/C=C/C1=CC=CC=C1
OC(=O)C1=CC=C2C=CC=CC2=N1,O=C([At])C1=NC2=CC=CC=C2C=C1
O=CC1=CC2=NON=C2C=C1,[At]CC1=CC2=NON=C2C=C1
Nc1ncc(s1)C(O)=O,NC1=NC=C(C(=O)[At])S1
CC(C)(C)OC(=O)N1C[C@H](O)C[C@H]1C(O)=O,CC(C)(C)OC(=O)N1C[C@H](O)C[C@H]1C(=O)[At]
FC1=CC=CC(Cl)=C1C=O,FC1=C(C[At])C(Cl)=CC=C1
CC(C)(C)OC(=O)N[C@H]1CC[C@H](CC1)C(O)=O,CC(C)(C)OC(=O)N[C@H]1CC[C@@H](C(=O)[At])CC1
OC(=O)C1=CC(F)=C(Br)C=C1[N+]([O-])=O,O=C([At])C1=C([N+](=O)[O-])C=C(Br)C(F)=C1
O=CC1=CC2=C(OCC2)C=C1,[At]CC1=CC=C2OCCC2=C1
OC1=CC=C(OC(F)(F)F)C=C1C=O,OC1=C(C[At])C=C(OC(F)(F)F)C=C1
OC(=O)CC1=C2C=CC=CC2=CC=C1,O=C([At])CC1=CC=CC2=C1C=CC=C2
OC(=O)C1=CN=C(Cl)C=C1,O=C([At])C1=CC=C(Cl)N=C1
CCN1C=C(C(O)=O)C(=O)C2=C1C=C(Cl)C(F)=C2,CCN1C=C(C(=O)[At])C(=O)C2=C1C=C(Cl)C(F)=C2
CO[C@H](C)[C@H](NC(=O)OC(C)(C)C)C(O)=O,CO[C@H](C)[C@H](NC(=O)OC(C)(C)C)C(=O)[At]
OC(=O)CCC1=CC=C(Cl)C=C1,O=C([At])CCC1=CC=C(Cl)C=C1
OC(=O)CC1=CC=C(F)C=C1,O=C([At])CC1=CC=C(F)C=C1
OC(=O)C1=CC(OC2=CC=CC=C2)=CC=C1,O=C([At])C1=CC=CC(OC2=CC=CC=C2)=C1
CC1=C(C=O)C(C)=NO1,CC1=NOC(C)=C1C[At]
OC(=O)C1=CC(=CC=C1F)C(F)(F)F,O=C([At])C1=C(F)C=CC(C(F)(F)F)=C1
CC[C@@H](C(O)=O)C1=CC=CC=C1,CC[C@@H](C(=O)[At])C1=CC=CC=C1
OC(=O)C1=CC(F)=CC(F)=C1,O=C([At])C1=CC(F)=CC(F)=C1
OC(=O)[C@@H]1C[C@H]1C1=CC=CC=C1,O=C([At])[C@@H]1C[C@H]1C1=CC=CC=C1
OC(=O)C1=CC(Cl)=CC=C1,O=C([At])C1=CC=CC(Cl)=C1
FC(F)(F)C1=CC=C(C=C1)C1=CC=C(C=O)C=C1,FC(F)(F)C1=CC=C(C2=CC=C(C[At])C=C2)C=C1
OC(=O)CCC1=C2C=CC=CC2=CC=C1,O=C([At])CCC1=CC=CC2=C1C=CC=C2
OC(=O)CCOCC=C,C=CCOCCC(=O)[At]
O=CC1=CC=C(C=C1)N1C=CC=N1,[At]CC1=CC=C(N2C=CC=N2)C=C1
OC(=O)C1=CSC(Cl)=N1,O=C([At])C1=CSC(Cl)=N1
OC(=O)C1=CC(I)=CC=C1Cl,O=C([At])C1=C(Cl)C=CC(I)=C1
CC1=C(C=O)C2=C(N1)C=CC=C2,CC1=C(C[At])C2=C(C=CC=C2)N1
OC(=O)CCCCCl,O=C([At])CCCCCl
CC(C)(C)OC(=O)N1CCOC[C@@H]1C(O)=O,CC(C)(C)OC(=O)N1CCOC[C@@H]1C(=O)[At]
OC(=O)C1=C2N=CC=CN2N=C1,O=C([At])C1=C2N=CC=CN2N=C1
OC(=O)C(C1CCCCC1)C1=CC=CC=C1,O=C([At])C(C1=CC=CC=C1)C1CCCCC1
CC1=C(C=C(C=C1)C(O)=O)[N+]([O-])=O,CC1=CC=C(C(=O)[At])C=C1[N+](=O)[O-]
FC1=CC=C(C=O)C=C1C#N,N#CC1=C(F)C=CC(C[At])=C1
CC1=NC(=C(S1)C(O)=O)C1=CC=CC=C1,CC1=NC(C2=CC=CC=C2)=C(C(=O)[At])S1
OC(=O)C1=CC2=C(N1)C=CC(Cl)=C2,O=C([At])C1=CC2=C(C=CC(Cl)=C2)N1
CC1=CC(F)=CC=C1C=O,CC1=C(C[At])C=CC(F)=C1
OC(=O)[C@@H]1CCCO1,O=C([At])[C@@H]1CCCO1
CN1C=C(C(O)=O)C2=C1C=CC=C2,CN1C=C(C(=O)[At])C2=C1C=CC=C2
OC(=O)c1cnccn1,O=C([At])C1=NC=CN=C1
OC(=O)C1=CC=C(C=C1[N+]([O-])=O)C(F)(F)F,O=C([At])C1=C([N+](=O)[O-])C=C(C(F)(F)F)C=C1
OC(=O)C1=CSC(=N1)C1=CC=CS1,O=C([At])C1=CSC(C2=CC=CS2)=N1
Cl.CN1CCC(CC1)C(O)=O,CN1CCC(C(=O)[At])CC1
OC(=O)CC1=CC=C2OCOC2=C1,O=C([At])CC1=CC2=C(C=C1)OCO2
CC(C)(C)OC(=O)NC(CC(O)=O)C1=CC(Cl)=CC=C1,CC(C)(C)OC(=O)NC(CC(=O)[At])C1=CC=CC(Cl)=C1
COC(=O)c1cc(C(O)=O)n(C)n1,CN1N=C(C(=O)[At])C=C1C(=O)O
CC(=O)NC1=NC=C(C=C1)C(O)=O,CC(=O)NC1=CC=C(C(=O)[At])C=N1
OC(C(O)=O)C1=CC=C(Cl)C=C1,O=C([At])C(O)C1=CC=C(Cl)C=C1
COC1=C(\\C=C\\C=O)C=CC=C1,COC1=CC=CC=C1/C=C/C[At]
OC(=O)c1cccc(c1)C#N,N#CC1=CC=CC(C(=O)[At])=C1
OC(=O)C1=CN=CN=C1,O=C([At])C1=CN=CN=C1
ClC1=CC(Cl)=C(C=O)C=C1,ClC1=CC=C(C[At])C(Cl)=C1
OC(=O)C1C[C@H]2C[C@@H]1C=C2,O=C([At])C1C[C@@H]2C=C[C@H]1C2
COC1=CN=C(C=C1)C(O)=O,COC1=CC=C(C(=O)[At])N=C1
OC(=O)C(=C)CC1=CC=CC=C1,C=C(CC1=CC=CC=C1)C(=O)[At]
CC1=CC=C(F)C=C1C(O)=O,CC1=C(C(=O)[At])C=C(F)C=C1
O=CC1=CC(=CC=C1)C#N,N#CC1=CC(C[At])=CC=C1
BrC1=CC=C(S1)C=O,BrC1=CC=C(C[At])S1
CC(CC(O)=O)NC(=O)OC(C)(C)C,CC(CC(=O)[At])NC(=O)OC(C)(C)C
OC(=O)C1=C(Cl)C=CC=C1,O=C([At])C1=CC=CC=C1Cl
OC(=O)C1=C(Cl)SC(Cl)=C1,O=C([At])C1=C(Cl)SC(Cl)=C1
OC(=O)\\C=C\\C1=CC=CC=C1,O=C([At])/C=C/C1=CC=CC=C1
CC(C)(C)C1=CC=C(C=C1)C(O)=O,CC(C)(C)C1=CC=C(C(=O)[At])C=C1
CC1=C(Cl)C=C(C=O)C(O)=C1,CC1=CC(O)=C(C[At])C=C1Cl
OC(=O)C1=CC=CN=C1F,O=C([At])C1=C(F)N=CC=C1
OCC1=CC=C(C=C1)C(O)=O,O=C([At])C1=CC=C(CO)C=C1
NS(=O)(=O)c1ccc(cc1Cl)C(O)=O,NS(=O)(=O)C1=C(Cl)C=C(C(=O)[At])C=C1
CC1=C(I)C=C(C=C1)C(O)=O,CC1=CC=C(C(=O)[At])C=C1I
CC1=CC(=CN=C1F)C(O)=O,CC1=CC(C(=O)[At])=CN=C1F
CC(CC(O)=O)C(F)(F)F,CC(CC(=O)[At])C(F)(F)F
OC(=O)CP(O)(O)=O,O=C([At])CP(=O)(O)O
CC(C)(C)OC(=O)N[C@@H](CC1=CC=CC=C1)C(O)=O,CC(C)(C)OC(=O)N[C@@H](CC1=CC=CC=C1)C(=O)[At]
CC1=CC(C=O)=C(C)C=C1,CC1=CC(C[At])=C(C)C=C1
FC1=CC(C=O)=C(Cl)C=C1,FC1=CC(C[At])=C(Cl)C=C1
CC1=CC=CC2=NC(=CN12)C(O)=O,CC1=CC=CC2=NC(C(=O)[At])=CN12
OC(=O)CCCCC1=CC=C(O)C=C1,O=C([At])CCCCC1=CC=C(O)C=C1
CC(CC1=CC=CC=C1)C(O)=O,CC(CC1=CC=CC=C1)C(=O)[At]
CC(OC1=C(Cl)C=C(Cl)C=C1)C(O)=O,CC(OC1=CC=C(Cl)C=C1Cl)C(=O)[At]
OC(C(O)=O)C1=CC=CC=C1,O=C([At])C(O)C1=CC=CC=C1
COC1=CC=C(CC(O)=O)C=C1O,COC1=C(O)C=C(CC(=O)[At])C=C1
O=CC1=NC=CC=C1,[At]CC1=CC=CC=N1
OC(=O)C1CCC(=O)NC1,O=C1CCC(C(=O)[At])CN1
OC(=O)CCC1=CC=C(O)C=C1,O=C([At])CCC1=CC=C(O)C=C1
OC(=O)C1=NNC=C1,O=C([At])C1=NNC=C1
CC(C)(C)OC(=O)NCC(=O)NCC(=O)NCC(O)=O,CC(C)(C)OC(=O)NCC(=O)NCC(=O)NCC(=O)[At]
CCOCC(O)=O,CCOCC(=O)[At]
OC(=O)C1=C(N=NS1)C1=CC=CC=C1,O=C([At])C1=C(C2=CC=CC=C2)N=NS1
OC(=O)\\C=C\\C1=CC(Cl)=C(Cl)C=C1,O=C([At])/C=C/C1=CC=C(Cl)C(Cl)=C1
OC(=O)\\C=C\\C1=CC(F)=C(F)C=C1,O=C([At])/C=C/C1=CC=C(F)C(F)=C1
FC1=CC=C(C=C1)N1C=C(C=O)C=N1,FC1=CC=C(N2C=C(C[At])C=N2)C=C1
O=CC1=CC=C(C=C1)C1=CC=CC=C1,[At]CC1=CC=C(C2=CC=CC=C2)C=C1
CC1=C(SC2=C1C=CC=C2)C(O)=O,CC1=C(C(=O)[At])SC2=C1C=CC=C2
OC(=O)C1=CC(Br)=CS1,O=C([At])C1=CC(Br)=CS1
CC1=CC(CC(O)=O)=CC(C)=C1,CC1=CC(CC(=O)[At])=CC(C)=C1
OC(=O)c1ccc2ncccc2c1,O=C([At])C1=CC2=CC=CN=C2C=C1
OC(=O)C1=NC2=CC=C(Br)C=C2C=C1,O=C([At])C1=NC2=C(C=C1)C=C(Br)C=C2
OC(=O)C1=C(CC2=CC=CC=C2)C=CC=C1,O=C([At])C1=CC=CC=C1CC1=CC=CC=C1
OC(=O)C1=C(Br)C=CS1,O=C([At])C1=C(Br)C=CS1
[O-][N+](=O)C1=C(C=O)C=CC=C1,O=[N+]([O-])C1=CC=CC=C1C[At]
COC1=CC2=CC(C=O)=C(Cl)N=C2C=C1,COC1=CC2=C(C=C1)N=C(Cl)C(C[At])=C2
CN(C)C(=O)C(O)=O,CN(C)C(=O)C(=O)[At]
CC1CCC=C(C)C1C=O,CC1=CCCC(C)C1C[At]
NC(=O)C1=C(C=CC=C1)C(O)=O,NC(=O)C1=CC=CC=C1C(=O)[At]
OC(=O)CC1=CC=C2C=CC=CC2=C1,O=C([At])CC1=CC2=CC=CC=C2C=C1
O=CC1=CC2=C(OCCO2)C=C1,[At]CC1=CC=C2OCCOC2=C1
OC(=O)CNC(=O)C1=CC=CC=C1,O=C([At])CNC(=O)C1=CC=CC=C1
FC(F)OC1=C(C=O)C=CC=C1,FC(F)OC1=CC=CC=C1C[At]
O=CC1=NNC=N1,[At]CC1=NNC=N1
CC1=C(Br)C=C(C=C1)C(O)=O,CC1=CC=C(C(=O)[At])C=C1Br
OC(=O)C1=CC=C(F)C=C1[N+]([O-])=O,O=C([At])C1=C([N+](=O)[O-])C=C(F)C=C1
C[C@@H](CC(O)=O)C1=CC=CC=C1,C[C@@H](CC(=O)[At])C1=CC=CC=C1
OC(=O)C1=CC=C(N=C1)[N+]([O-])=O,O=C([At])C1=CN=C([N+](=O)[O-])C=C1
CC(CC(O)=O)C1=CC=CC=C1,CC(CC(=O)[At])C1=CC=CC=C1
OC(=O)C1=CSC(=N1)C1=CC=CC=C1,O=C([At])C1=CSC(C2=CC=CC=C2)=N1
O=CC1=CN2C=CSC2=N1,[At]CC1=CN2C=CSC2=N1
OC(=O)C1=COC=C1,O=C([At])C1=COC=C1
COC1=C(C=O)C=CC=C1,COC1=CC=CC=C1C[At]
CCCCCC\\C=C\\C(O)=O,CCCCCC/C=C/C(=O)[At]
OC1=C(C=O)C=CC=C1,OC1=CC=CC=C1C[At]
CN(C)C1=C(C=CC=C1)C(O)=O,CN(C)C1=CC=CC=C1C(=O)[At]
ClC1=CC(C=O)=CC(Cl)=C1,ClC1=CC(C[At])=CC(Cl)=C1
O=CCC1=CC=CC=C1,[At]CCC1=CC=CC=C1
CCOC1=CC=CC(C=O)=C1,CCOC1=CC=CC(C[At])=C1
OCC1=CC=C(O1)C=O,OCC1=CC=C(C[At])O1
OC(=O)c1ccccc1C#N,N#CC1=C(C(=O)[At])C=CC=C1
CC(C)(C)OC(=O)N[C@H](CC1=CC=CC=C1)C(O)=O,CC(C)(C)OC(=O)N[C@H](CC1=CC=CC=C1)C(=O)[At]
CCC1=NC(C)=C(N1)C=O,CCC1=NC(C)=C(C[At])N1
OC[C@H](O)[C@@H](O)[C@H](O)C=O,OC[C@H](O)[C@@H](O)[C@H](O)C[At]
OC(=O)C1CC(F)(F)C1,O=C([At])C1CC(F)(F)C1
OC(=O)C1=CC=NN1C1=CC=CC=C1,O=C([At])C1=CC=NN1C1=CC=CC=C1
FC(F)(F)C1=CC=CC(C=O)=C1Cl,FC(F)(F)C1=CC=CC(C[At])=C1Cl
CC(C(O)=O)C1=CC=C(Cl)C=C1,CC(C(=O)[At])C1=CC=C(Cl)C=C1
OC(=O)C1(O)CCCCC1,O=C([At])C1(O)CCCCC1
O[C@H]1CC[C@H](CC1)C(O)=O,O=C([At])[C@H]1CC[C@@H](O)CC1
BrC1=CSC(C=O)=C1,BrC1=CSC(C[At])=C1
CN1C=C(C=O)C=N1,CN1C=C(C[At])C=N1
OC1=C(C=CC(C=O)=C1)[N+]([O-])=O,O=[N+]([O-])C1=C(O)C=C(C[At])C=C1
OC(=O)C1=CC(Br)=CN=C1,O=C([At])C1=CN=CC(Br)=C1
FC1=CC(C=O)=CN=C1,FC1=CC(C[At])=CN=C1
OC(=O)C1=C(C=CC=C1)C1=CC=CC=C1,O=C([At])C1=CC=CC=C1C1=CC=CC=C1
OC(=O)C1=NNC2=CC=C(Cl)C=C12,O=C([At])C1=NNC2=CC=C(Cl)C=C12
OC(=O)c1ccc2[nH]ccc2c1,O=C([At])C1=CC2=C(C=C1)NC=C2
CC1=C(C=C(O)C=C1)C(O)=O,CC1=CC=C(O)C=C1C(=O)[At]
OCC1CCC(CC1)C(O)=O,O=C([At])C1CCC(CO)CC1
OC(=O)CCN1C(=O)C2=C(C=CC=C2)C1=O,O=C([At])CCN1C(=O)C2=C(C=CC=C2)C1=O
OC(=O)C1=C(Cl)C=C(F)C=C1,O=C([At])C1=CC=C(F)C=C1Cl
C[C@@H](N(C)C(=O)OC(C)(C)C)C(O)=O,C[C@H](C(=O)[At])N(C)C(=O)OC(C)(C)C
CC1=C(OC=N1)C(O)=O,CC1=C(C(=O)[At])OC=N1
FC1=CC(=CC=C1C=O)C#N,N#CC1=CC(F)=C(C[At])C=C1
COC1=CC=CN=C1C(O)=O,COC1=C(C(=O)[At])N=CC=C1
CC1=NC=C(N=C1)C(O)=O,CC1=CN=C(C(=O)[At])C=N1
OC(=O)C1=CC=C(Br)C(=C1)C(F)(F)F,O=C([At])C1=CC(C(F)(F)F)=C(Br)C=C1
CCSCC(O)=O,CCSCC(=O)[At]
CC(C)(NC(=O)OCC1=CC=CC=C1)C(O)=O,CC(C)(NC(=O)OCC1=CC=CC=C1)C(=O)[At]
CC1=C(C=CC(=C1)[N+]([O-])=O)C(O)=O,CC1=CC([N+](=O)[O-])=CC=C1C(=O)[At]
[O-][N+](=O)C1=CC(Br)=CC(C=O)=C1,O=[N+]([O-])C1=CC(Br)=CC(C[At])=C1
OC(=O)C1=CC(=CN=C1)C(F)(F)F,O=C([At])C1=CN=CC(C(F)(F)F)=C1
OC(=O)[C@@H]1CCC(=O)N1,O=C1CC[C@@H](C(=O)[At])N1
CC1=CC(C(O)=O)=C(C)O1,CC1=CC(C(=O)[At])=C(C)O1
CC(C)(C)OC(=O)N1CCC[C@@H]1C(O)=O,CC(C)(C)OC(=O)N1CCC[C@@H]1C(=O)[At]
COC1=CC(OC)=C(C=O)C=C1OC,COC1=CC(OC)=C(OC)C=C1C[At]
OC(=O)C1CC=CC1,O=C([At])C1CC=CC1
CC(CC1=CC=C2OCOC2=C1)C=O,CC(C[At])CC1=CC2=C(C=C1)OCO2
CSC1=CC(C(O)=O)=C(Cl)C=C1,CSC1=CC(C(=O)[At])=C(Cl)C=C1
COC1=C(OC)C(OC)=C(C=O)C=C1,COC1=CC=C(C[At])C(OC)=C1OC
OC(=O)c1cccc2[nH]ccc12,O=C([At])C1=C2C=CNC2=CC=C1
OC(=O)C1=C(C=C(Br)C=C1)C(F)(F)F,O=C([At])C1=CC=C(Br)C=C1C(F)(F)F
CC1=C(F)C=C(C=C1)C(O)=O,CC1=CC=C(C(=O)[At])C=C1F
OC(=O)[C@@]12C[C@H]3C[C@@H](C1)C(=O)[C@H](C3)C2,O=C1[C@@H]2C[C@@H]3C[C@H]1C[C@@](C(=O)[At])(C3)C2
CC(C)(C)OC(=O)N1CCOC(C1)C(O)=O,CC(C)(C)OC(=O)N1CCOC(C(=O)[At])C1
OC(=O)C1=C2CCCCC2=NN1,O=C([At])C1=C2CCCCC2=NN1
OC(=O)C1CC1(F)F,O=C([At])C1CC1(F)F
OC(=O)C1=CN=C(N=C1)C1CC1,O=C([At])C1=CN=C(C2CC2)N=C1
OC(=O)CCCNC(=O)OCC1=CC=CC=C1,O=C([At])CCCNC(=O)OCC1=CC=CC=C1
COC1=C(C=CC(C)=C1)C(O)=O,COC1=CC(C)=CC=C1C(=O)[At]
C[C@@H](C(O)=O)C1=CC=CC=C1,C[C@@H](C(=O)[At])C1=CC=CC=C1
COC1=CC(C=O)=CC=C1F,COC1=CC(C[At])=CC=C1F
CC(=O)CCCCC(O)=O,CC(=O)CCCCC(=O)[At]
OC(=O)CC1CCC1,O=C([At])CC1CCC1
CC(C(O)=O)C1=CC=CC=C1Cl,CC(C(=O)[At])C1=C(Cl)C=CC=C1
OC(=O)C1=CSC(Br)=C1,O=C([At])C1=CSC(Br)=C1
CSC1=CC=C(CC(O)=O)C=C1,CSC1=CC=C(CC(=O)[At])C=C1
OC(=O)C1=CC2=C(N1)C=CC=C2,O=C([At])C1=CC2=C(C=CC=C2)N1
OC(=O)CCCC1=CC=CS1,O=C([At])CCCC1=CC=CS1
Cc1cc(n[nH]1)C(O)=O,CC1=CC(C(=O)[At])=NN1
OC(=O)C1=C(F)C=C(Br)C=C1,O=C([At])C1=CC=C(Br)C=C1F
ClC1=CC(CCC=O)=CC=C1,ClC1=CC(CCC[At])=CC=C1
COC1=CC=CC(C=O)=C1OC,COC1=CC=CC(C[At])=C1OC
CC(O)(C(O)=O)C1=CC=CC=C1,CC(O)(C(=O)[At])C1=CC=CC=C1
OC(=O)C1=CC(Cl)=CC=C1I,O=C([At])C1=C(I)C=CC(Cl)=C1
CC1=CC(C)=C(OCC(O)=O)C=C1,CC1=CC=C(OCC(=O)[At])C(C)=C1
CC(=O)N1C=C(C=O)C2=C1C=CC=C2,CC(=O)N1C=C(C[At])C2=C1C=CC=C2
CC1=C(Br)C=CC(=C1)C(O)=O,CC1=C(Br)C=CC(C(=O)[At])=C1
OC(=O)C1(CC1)C1=CC=CC=C1,O=C([At])C1(C2=CC=CC=C2)CC1
CC(C)(C)C1=CC=C(C=O)C=C1,CC(C)(C)C1=CC=C(C[At])C=C1
OC(=O)C1=C(Cl)C=C(Cl)C=N1,O=C([At])C1=NC=C(Cl)C=C1Cl
FC(F)(F)C1=CC=CC(C=O)=C1,FC(F)(F)C1=CC=CC(C[At])=C1
COC1=C(CC(O)=O)C=CC=C1,COC1=CC=CC=C1CC(=O)[At]
CC(C)(C)OC(=O)C1=C(C=CC=C1)C(O)=O,O=C(O)C1=CC=CC=C1C(=O)[At]
OC(=O)C1=CC=C(F)C=C1Br,O=C([At])C1=C(Br)C=C(F)C=C1
COC(=O)CCCCCCC(O)=O,O=C(O)CCCCCCC(=O)[At]
CSC1=NC=C(Cl)C(=N1)C(O)=O,CSC1=NC=C(Cl)C(C(=O)[At])=N1
OC(=O)CC1CCOCC1,O=C([At])CC1CCOCC1
CC1=C(C=CC=C1O)C(O)=O,CC1=C(O)C=CC=C1C(=O)[At]
OC1=C(C=C(C=O)C=C1)[N+]([O-])=O,O=[N+]([O-])C1=CC(C[At])=CC=C1O
NC=N.CC(O)=O,CC(=O)[At]
CC(C)[C@H](NC(C)=O)C(O)=O,CC(=O)N[C@H](C(=O)[At])C(C)C
COC1=C(F)C(=CC=C1)C(O)=O,COC1=C(F)C(C(=O)[At])=CC=C1
CC(C)C(C(O)=O)C1=CC=C(Cl)C=C1,CC(C)C(C(=O)[At])C1=CC=C(Cl)C=C1
OC(=O)C1=NC=C(Br)C=N1,O=C([At])C1=NC=C(Br)C=N1
COC1=CC(C(O)=O)=C(Cl)C=C1,COC1=CC(C(=O)[At])=C(Cl)C=C1
OC(=O)CCCC#C,C#CCCCC(=O)[At]
OC(=O)C1=CC(Br)=C(Cl)C=C1Cl,O=C([At])C1=C(Cl)C=C(Cl)C(Br)=C1
CC1=CC=C(CC(O)=O)C=C1,CC1=CC=C(CC(=O)[At])C=C1
CC(C)C1=CC=C(C=O)C=C1,CC(C)C1=CC=C(C[At])C=C1
CC(C)(C)OC(=O)NC(CC1=CC=C(O)C=C1)C(O)=O,CC(C)(C)OC(=O)NC(CC1=CC=C(O)C=C1)C(=O)[At]
CC(=O)CCC(O)=O,CC(=O)CCC(=O)[At]
O=CC(=O)C1=CC=CC=C1,O=C(C[At])C1=CC=CC=C1
CC1=CC(OC(F)(F)F)=CC=C1C(O)=O,CC1=C(C(=O)[At])C=CC(OC(F)(F)F)=C1
CCCCC(O)=O,CCCCC(=O)[At]
CC(C)(C)OC(=O)N1CCC1C(O)=O,CC(C)(C)OC(=O)N1CCC1C(=O)[At]
OC(=O)C1=C(I)C=CC=C1,O=C([At])C1=CC=CC=C1I
COC1=C(C=CC(Cl)=C1)C(O)=O,COC1=CC(Cl)=CC=C1C(=O)[At]
COC(=O)[C@H](CCC(O)=O)NC(=O)OCC1=CC=CC=C1,O=C(O)CC[C@H](NC(=O)OCC1=CC=CC=C1)C(=O)[At]
CC(CO)(CO)C(O)=O,CC(CO)(CO)C(=O)[At]
CN(CCC(O)=O)C(=O)OC(C)(C)C,CN(CCC(=O)[At])C(=O)OC(C)(C)C
CC1=C(CC(O)=O)C2=C(N1)C=CC=C2,CC1=C(CC(=O)[At])C2=C(C=CC=C2)N1
O=CC1=CC(OCC2=CC=CC=C2)=CC=C1,[At]CC1=CC=CC(OCC2=CC=CC=C2)=C1
Cc1ccc(cc1)C(O)=O,CC1=CC=C(C(=O)[At])C=C1
BrC1=CNN=C1C=O,BrC1=CNN=C1C[At]
OC(=O)CC1=CC(Cl)=C(O)C=C1,O=C([At])CC1=CC=C(O)C(Cl)=C1
OC(=O)C1=NC(Br)=CC=C1,O=C([At])C1=CC=CC(Br)=N1
O[C@H]1CC[C@@H](CC1)C(O)=O,O=C([At])[C@H]1CC[C@H](O)CC1
OC(=O)CCC1=CC(Cl)=C(Cl)C=C1,O=C([At])CCC1=CC=C(Cl)C(Cl)=C1
COC1=CC=CC(=C1)C(O)=O,COC1=CC=CC(C(=O)[At])=C1
OC(=O)C1=NC=C2C=CC=CC2=C1,O=C([At])C1=CC2=CC=CC=C2C=N1
OC(C(O)=O)C1=CC=C(C=C1)C(F)(F)F,O=C([At])C(O)C1=CC=C(C(F)(F)F)C=C1
CC(C)=CCC\\C(C)=C\\C(O)=O,CC(C)=CCC/C(C)=C/C(=O)[At]
CC(C)(C)OC(=O)C1=CC=C(C=C1)C(O)=O,O=C(O)C1=CC=C(C(=O)[At])C=C1
COC1=CC=CC(=N1)C(O)=O,COC1=CC=CC(C(=O)[At])=N1
COC1=CC=CC(C=O)=C1F,COC1=CC=CC(C[At])=C1F
CC1=CC=C(OC2=CC=C(C=C2)C(O)=O)C=C1,CC1=CC=C(OC2=CC=C(C(=O)[At])C=C2)C=C1
OC(=O)C1=NNC=C1Br,O=C([At])C1=NNC=C1Br
OC(=O)C1=CC(F)=CC(=C1)C#N,N#CC1=CC(F)=CC(C(=O)[At])=C1
CN1C(C=O)=NC2=C1C=CC=C2,CN1C(C[At])=NC2=C1C=CC=C2
COCC(O)=O,COCC(=O)[At]
CC(C)CCC(O)=O,CC(C)CCC(=O)[At]
CN1N=C(C)C2=C1N=C(C)C=C2C(O)=O,CC1=CC(C(=O)[At])=C2C(C)=NN(C)C2=N1
O=CC1=CC=CC(=C1)N1C=CN=C1,[At]CC1=CC(N2C=CN=C2)=CC=C1
FC1=CC(F)=C(C=O)C=C1,FC1=CC=C(C[At])C(F)=C1
CC1=CC=C(Cl)C(C=O)=C1F,CC1=CC=C(Cl)C(C[At])=C1F
OC(=O)COCC1=CC=CC=C1,O=C([At])COCC1=CC=CC=C1
Cc1nc2ccc(cc2o1)C(O)=O,CC1=NC2=C(C=C(C(=O)[At])C=C2)O1
OC(=O)C1CCC2=CC=CC=C2C1,O=C([At])C1CCC2=CC=CC=C2C1
CC1=CC=NC(C=O)=C1,CC1=CC=NC(C[At])=C1
OC(=O)C1=CC(O)=C(F)C=C1,O=C([At])C1=CC=C(F)C(O)=C1
CC(C)(C)OC(=O)CCC(O)=O,O=C(O)CCC(=O)[At]
OC(=O)C1=CC(F)=C(F)C=C1,O=C([At])C1=CC=C(F)C(F)=C1
OC(=O)C1=CC=C(C=C1)C(F)(F)F,O=C([At])C1=CC=C(C(F)(F)F)C=C1
CCCOC1=CC=C(C=C1)C(O)=O,CCCOC1=CC=C(C(=O)[At])C=C1
OC=O,O=C[At]
OC(=O)C1=NOC(=C1)C1=CC=CS1,O=C([At])C1=NOC(C2=CC=CS2)=C1
CC(C)C[C@@H](NC(=O)OC(C)(C)C)C(O)=O,CC(C)C[C@@H](NC(=O)OC(C)(C)C)C(=O)[At]
OC1=C(C=O)C(Br)=CC=C1,OC1=CC=CC(Br)=C1C[At]
CC(C)(C)OC(=O)N1CCC2(CC2C(O)=O)CC1,CC(C)(C)OC(=O)N1CCC2(CC1)CC2C(=O)[At]
OC(=O)C1=C(Cl)C(F)=CC=C1,O=C([At])C1=CC=CC(F)=C1Cl
COC1=CC(OC)=CC(CCC(O)=O)=C1,COC1=CC(CCC(=O)[At])=CC(OC)=C1
CC(C)CC(O)C(O)=O,CC(C)CC(O)C(=O)[At]
O=CCN1C(=O)OC2=CC=CC=C12,O=C1OC2=CC=CC=C2N1CC[At]
OC(=O)\\C=C\\C1=CC=C(Br)C=C1,O=C([At])/C=C/C1=CC=C(Br)C=C1
CSCC(O)=O,CSCC(=O)[At]
OC1=CC(C=O)=CC(O)=C1,OC1=CC(C[At])=CC(O)=C1
COC(C)C(O)=O,COC(C)C(=O)[At]
OC(=O)c1cccs1,O=C([At])C1=CC=CS1
OC(=O)CCC1=CC=NC=C1,O=C([At])CCC1=CC=NC=C1
CN(C)C1=C(C=O)C=CC=C1,CN(C)C1=CC=CC=C1C[At]
CC1=CC=CC(=N1)C(O)=O,CC1=CC=CC(C(=O)[At])=N1
COC1=C(C=CC=C1)C(O)=O,COC1=CC=CC=C1C(=O)[At]
OC(=O)C1=CC=NC=C1,O=C([At])C1=CC=NC=C1
CC(C)(C)OC(=O)N1CCN(CC(O)=O)CC1,CC(C)(C)OC(=O)N1CCN(CC(=O)[At])CC1
OC(=O)CNC(=O)C1=CC=CN=C1,O=C([At])CNC(=O)C1=CN=CC=C1
OC(=O)C1=CC2=C(C=C1)C=C(O)C=C2,O=C([At])C1=CC=C2C=C(O)C=CC2=C1
CCCOC1=C(C=CC=C1)C(O)=O,CCCOC1=CC=CC=C1C(=O)[At]
OC(=O)C1=NNC(=O)C2=C1C=CC=C2,O=C([At])C1=NNC(=O)C2=C1C=CC=C2
OC(=O)\\C=C\\C1=CC=CS1,O=C([At])/C=C/C1=CC=CS1
CCC[C@H](NC(=O)OCC1=CC=CC=C1)C(O)=O,CCC[C@H](NC(=O)OCC1=CC=CC=C1)C(=O)[At]
COC1=C(C=CC=C1Br)C(O)=O,COC1=C(Br)C=CC=C1C(=O)[At]
OC1=C(C=O)C=C(I)C=C1,OC1=CC=C(I)C=C1C[At]
CCC(Cl)C(O)=O,CCC(Cl)C(=O)[At]
OC(=O)C1=CC(C=C)=CC=C1,C=CC1=CC(C(=O)[At])=CC=C1
OC(=O)C1=CC=C(C=C1)S(F)(F)(F)(F)F,O=C([At])C1=CC=C(S(F)(F)(F)(F)F)C=C1
FC1=CC(F)=C(C=O)C(F)=C1,FC1=CC(F)=C(C[At])C(F)=C1
OC(=O)C1CC(=C)C1,C=C1CC(C(=O)[At])C1
COC(=O)CC(NC(=O)OC(C)(C)C)C(O)=O,CC(C)(C)OC(=O)NC(CC(=O)[At])C(=O)O
COC1=C(C)C=CC(=C1)C(O)=O,COC1=C(C)C=CC(C(=O)[At])=C1
CC1=NC(C(O)=O)=C(Br)C=N1,CC1=NC(C(=O)[At])=C(Br)C=N1
COC1=CC=CC(\\C=C\\C(O)=O)=C1,COC1=CC=CC(/C=C/C(=O)[At])=C1
OC(=O)CC1CCCCCC1,O=C([At])CC1CCCCCC1
CN(CC(O)=O)C(=O)OC(C)(C)C,CN(CC(=O)[At])C(=O)OC(C)(C)C
CC(CC=O)C1=CC=CC=C1,CC(CC[At])C1=CC=CC=C1
OC(=O)CNC=O,O=CNCC(=O)[At]
OC(=O)CCCCCCCCC=C,C=CCCCCCCCCC(=O)[At]
O.CC(C)C[C@H](NC(=O)OC(C)(C)C)C(O)=O,CC(C)C[C@H](NC(=O)OC(C)(C)C)C(=O)[At]
COC1=CC=C(Cl)C=C1C(O)=O,COC1=C(C(=O)[At])C=C(Cl)C=C1
CCCCCCCC(O)=O,CCCCCCCC(=O)[At]
CC(C)OC1=CC=C(C=C1)C(O)=O,CC(C)OC1=CC=C(C(=O)[At])C=C1
COC(=O)C1(CC1)C(O)=O,O=C(O)C1(C(=O)[At])CC1
OC(=O)COCC(O)=O,O=C(O)COCC(=O)[At]
OC(=O)CC1=CC(F)=C(O)C=C1,O=C([At])CC1=CC=C(O)C(F)=C1
O=CC1=CSC2=C1C=CC=C2,[At]CC1=CSC2=C1C=CC=C2
COC1=CC2=C(NC(=C2)C(O)=O)C=C1,COC1=CC2=C(C=C1)NC(C(=O)[At])=C2
OC(=O)CC1=CC(Cl)=CC=C1,O=C([At])CC1=CC=CC(Cl)=C1
CC1=C(C=CC(O)=C1)C(O)=O,CC1=CC(O)=CC=C1C(=O)[At]
OC(=O)COC1=CC=C(F)C=C1,O=C([At])COC1=CC=C(F)C=C1
COC1=CC(C(O)=O)=C(OC)C=C1,COC1=CC(C(=O)[At])=C(OC)C=C1
OC(=O)C1=C(Cl)C=CC(Cl)=C1,O=C([At])C1=CC(Cl)=CC=C1Cl
OC(=O)c1cn[nH]c1,O=C([At])C1=CNN=C1
OC(=O)C1=CSC=C1Br,O=C([At])C1=CSC=C1Br
OC(=O)COC1=CC=CC=C1,O=C([At])COC1=CC=CC=C1
CC1=CC=C(C=O)C=C1,CC1=CC=C(C[At])C=C1
COC(=O)CCCC(O)=O,O=C(O)CCCC(=O)[At]
CC1=C(Br)C=CC=C1C(O)=O,CC1=C(C(=O)[At])C=CC=C1Br
OC(=O)C1=CC=NC=C1F,O=C([At])C1=C(F)C=NC=C1
OC(=O)C1(CC1)C1=CC=C(F)C=C1,O=C([At])C1(C2=CC=C(F)C=C2)CC1
CN(C)CC(O)=O,CN(C)CC(=O)[At]
OCC(C(O)=O)C1=CC=CC=C1,O=C([At])C(CO)C1=CC=CC=C1
COC1=NC=C(C=O)C=C1,COC1=CC=C(C[At])C=N1
OC(=O)C1=C(C=CC=C1)[N+]([O-])=O,O=C([At])C1=CC=CC=C1[N+](=O)[O-]
FC1=C(C=CC=C1C=O)C(F)(F)F,FC1=C(C[At])C=CC=C1C(F)(F)F
OC(=O)C1=CC=C2C=CC=CC2=C1,O=C([At])C1=CC2=CC=CC=C2C=C1
OC(=O)C1=COC=N1,O=C([At])C1=COC=N1
OC(=O)C1=CN(CC2=CC=CC=C2)N=C1,O=C([At])C1=CN(CC2=CC=CC=C2)N=C1
CC1=CC(=CS1)C(O)=O,CC1=CC(C(=O)[At])=CS1
COC(=O)[C@H]1CC[C@@H](CC1)C(O)=O,O=C(O)[C@H]1CC[C@H](C(=O)[At])CC1
CCC(CC)C(O)=O,CCC(CC)C(=O)[At]
OC(=O)CCC1=CC=CC=C1,O=C([At])CCC1=CC=CC=C1
O=CC1=CSC=C1,[At]CC1=CSC=C1
OC(=O)CC1=CC(Cl)=C(F)C=C1,O=C([At])CC1=CC=C(F)C(Cl)=C1
OC(=O)CCC=C,C=CCCC(=O)[At]
CC(C)(C)C1=CC(=CC(=C1)C(O)=O)C(C)(C)C,CC(C)(C)C1=CC(C(=O)[At])=CC(C(C)(C)C)=C1
OC(=O)\\C=C\\C1=C(F)C=C(F)C=C1,O=C([At])/C=C/C1=CC=C(F)C=C1F
O=CC1=CC=CC(=C1)C1=CC=CS1,[At]CC1=CC(C2=CC=CS2)=CC=C1
COC1=CC=C(C=C1)C1(CC1)C(O)=O,COC1=CC=C(C2(C(=O)[At])CC2)C=C1
OC(=O)C1=CC(=CC=C1)C(F)(F)F,O=C([At])C1=CC=CC(C(F)(F)F)=C1
COC1=CC(Cl)=C(C=C1)C(O)=O,COC1=CC=C(C(=O)[At])C(Cl)=C1
FC1=C(Br)C(C=O)=CC=C1,FC1=C(Br)C(C[At])=CC=C1
CC(C)(C)OC(=O)N[C@@H](CC1=C(F)C=CC=C1)C(O)=O,CC(C)(C)OC(=O)N[C@@H](CC1=CC=CC=C1F)C(=O)[At]
OC(=O)C1CCC(CC1)C1=CC=C(Cl)C=C1,O=C([At])C1CCC(C2=CC=C(Cl)C=C2)CC1
IC1=C(C=O)C=CC=C1,IC1=CC=CC=C1C[At]
OC(=O)C1=CC(I)=CC(F)=C1,O=C([At])C1=CC(F)=CC(I)=C1
OC(=O)C1=CC(=C(O)C=C1)[N+]([O-])=O,O=C([At])C1=CC=C(O)C([N+](=O)[O-])=C1
OC(=O)C1=C(C=CC=C1)C(=O)C1=CC=C(Cl)C=C1,O=C([At])C1=CC=CC=C1C(=O)C1=CC=C(Cl)C=C1
OC(=O)C1=C(Cl)N=C(Cl)C=C1,O=C([At])C1=CC=C(Cl)N=C1Cl
CC(=O)C1=C(C=CC=C1)C(O)=O,CC(=O)C1=CC=CC=C1C(=O)[At]
CC(C)(C)OCC(O)=O,CC(C)(C)OCC(=O)[At]
CC1=CC=CC(F)=C1C=O,CC1=C(C[At])C(F)=CC=C1
OC(=O)CCC1=CN=CC=C1,O=C([At])CCC1=CC=CN=C1
OC(=O)CN1C(=O)C2=C(C=CC=C2)C1=O,O=C([At])CN1C(=O)C2=C(C=CC=C2)C1=O
CC1=C(SC(=N1)C1=CC=C(C=C1)C(F)(F)F)C(O)=O,CC1=C(C(=O)[At])SC(C2=CC=C(C(F)(F)F)C=C2)=N1
OC(=O)CC1=CNC2=C1C=CC=C2,O=C([At])CC1=CNC2=C1C=CC=C2
COC(=O)C1=CN=C(C=C1)C(O)=O,O=C([At])C1=CC=C(C(=O)O)N=C1
CC1=CC=CC(=C1)C1=CC=C(C=C1)C(O)=O,CC1=CC=CC(C2=CC=C(C(=O)[At])C=C2)=C1
OC(=O)C1=CC=C2C=CC=CC2=C1Br,O=C([At])C1=C(Br)C2=CC=CC=C2C=C1
ClC1=CC=C(C=O)C=C1,ClC1=CC=C(C[At])C=C1
CC1(C)OC[C@@H](O1)C=O,CC1(C)OC[C@H](C[At])O1
OC(=O)C1=CC=C(Cl)S1,O=C([At])C1=CC=C(Cl)S1
CC1=NC=NC(C)=C1C(O)=O,CC1=NC=NC(C)=C1C(=O)[At]
CC1=CC(C)=C(CC(O)=O)C(C)=C1,CC1=CC(C)=C(CC(=O)[At])C(C)=C1
C[C@H](C(O)=O)C1=CC=CC=C1,C[C@H](C(=O)[At])C1=CC=CC=C1
OC(=O)C1CC(C1)C1=CC=CC=C1,O=C([At])C1CC(C2=CC=CC=C2)C1
CC(C)C(O)=O,CC(C)C(=O)[At]
OC(=O)C1=CC=C(OCC2=CC=CC=C2)C=C1,O=C([At])C1=CC=C(OCC2=CC=CC=C2)C=C1
CSC1=C(C=CC=N1)C(O)=O,CSC1=NC=CC=C1C(=O)[At]
CC(C)(C)OC(=O)NC1(CC1)C(O)=O,CC(C)(C)OC(=O)NC1(C(=O)[At])CC1
CCOC1=CC=C(C=O)C=C1,CCOC1=CC=C(C[At])C=C1
COC1=C(OC)C(OC)=C(C=C1)C(O)=O,COC1=CC=C(C(=O)[At])C(OC)=C1OC
O=CC1=CC=C2C=CC=CC2=C1,[At]CC1=CC2=CC=CC=C2C=C1
CCOC(=O)CCC(O)=O,O=C(O)CCC(=O)[At]
OC(=O)C1=CC=C2NN=CC2=C1F,O=C([At])C1=C(F)C2=C(C=C1)NN=C2
OC(=O)C1=CC=C(Cl)C(=C1)C(F)(F)F,O=C([At])C1=CC(C(F)(F)F)=C(Cl)C=C1
CC1=CC=C(N=C1)C(O)=O,CC1=CN=C(C(=O)[At])C=C1
CC1=CC=CC(C(O)=O)=C1O,CC1=CC=CC(C(=O)[At])=C1O
CCCCCCCCCCCCCC(O)=O,CCCCCCCCCCCCCC(=O)[At]
CCC(CO)(CO)C(O)=O,CCC(CO)(CO)C(=O)[At]
OC(=O)C(=O)C1=CC=CC=C1,O=C([At])C(=O)C1=CC=CC=C1
CC1=C(CC(O)=O)C=CC=C1,CC1=CC=CC=C1CC(=O)[At]
OC1=C(Br)C(C=O)=CC=C1,OC1=C(Br)C(C[At])=CC=C1
COC(OC)C=O,COC(C[At])OC
CCCC1=CC=C(C=C1)C(O)=O,CCCC1=CC=C(C(=O)[At])C=C1
OC(=O)CC1=C(Cl)C=CC=C1,O=C([At])CC1=CC=CC=C1Cl
FC1=CC(Cl)=CC(F)=C1C=O,FC1=CC(Cl)=CC(F)=C1C[At]
COC1=CC=C(C=O)C(Br)=C1O,COC1=C(O)C(Br)=C(C[At])C=C1
COC1=C(C)C=C(CC(O)=O)C=C1,COC1=CC=C(CC(=O)[At])C=C1C
OC(=O)\\C=C\\C1=CC2=C(OCO2)C=C1,O=C([At])/C=C/C1=CC=C2OCOC2=C1
ClC1=C(Br)C=C(C=O)C=C1,ClC1=CC=C(C[At])C=C1Br
CCO\\C=C\\C(O)=O,CCO/C=C/C(=O)[At]
CSC1=CC=CC=C1C=O,CSC1=C(C[At])C=CC=C1
CS(=O)(=O)N1CCC(CC1)C(O)=O,CS(=O)(=O)N1CCC(C(=O)[At])CC1
OC(=O)C1=C(C=CC=C1)C(F)(F)F,O=C([At])C1=CC=CC=C1C(F)(F)F
OC(=O)C1=CC=NC=C1Br,O=C([At])C1=C(Br)C=NC=C1
OC(=O)C1=CC=CC(=C1)[N+]([O-])=O,O=C([At])C1=CC([N+](=O)[O-])=CC=C1
OC(=O)CCC1CCCC1,O=C([At])CCC1CCCC1
CCOC1=CC(=CC(OCC)=C1OCC)C(O)=O,CCOC1=CC(C(=O)[At])=CC(OCC)=C1OCC
OC(=O)C1=CC=C(S1)C1=CC=CC=C1,O=C([At])C1=CC=C(C2=CC=CC=C2)S1
CC(C)CC(O)=O,CC(C)CC(=O)[At]
[O-][N+](=O)C1=CC(C=O)=C(Cl)C=C1,O=[N+]([O-])C1=CC(C[At])=C(Cl)C=C1
CC(C)(C)OC(=O)NCCC=O,CC(C)(C)OC(=O)NCCC[At]
FC1=C(C=O)C=C(C=C1)C#N,N#CC1=CC=C(F)C(C[At])=C1
OC(=O)C1=CC=C(Br)O1,O=C([At])C1=CC=C(Br)O1
OC(=O)CC1=C(Cl)C=CC=C1Cl,O=C([At])CC1=C(Cl)C=CC=C1Cl
OC(=O)C1CC1,O=C([At])C1CC1
CC1=C(C=CC=N1)C(O)=O,CC1=NC=CC=C1C(=O)[At]
OC(=O)CCC1CCCCC1,O=C([At])CCC1CCCCC1
OC(=O)c1ccc(Cl)cc1,O=C([At])C1=CC=C(Cl)C=C1
COC1=CC=C(C=C1)C1=CC=CC(C=O)=N1,COC1=CC=C(C2=CC=CC(C[At])=N2)C=C1
CC(C)(C)OC(=O)N[C@@H](C1CCCCC1)C(O)=O,CC(C)(C)OC(=O)N[C@H](C(=O)[At])C1CCCCC1
COC1=CC(C=O)=NC=C1,COC1=CC(C[At])=NC=C1
OC(=O)C1=CC=CC(Cl)=N1,O=C([At])C1=NC(Cl)=CC=C1
OC(=O)[C@@H]1CCCC[C@@H]1C(=O)C1=CC=CC=C1,O=C(C1=CC=CC=C1)[C@H]1CCCC[C@H]1C(=O)[At]
FC(F)(F)C1=CC=C(Cl)C(C=O)=C1,FC(F)(F)C1=CC=C(Cl)C(C[At])=C1
OC[C@H](NC(=O)OCC1=CC=CC=C1)C(O)=O,O=C(N[C@@H](CO)C(=O)[At])OCC1=CC=CC=C1
COC1=CC(Cl)=CC(=C1)C(O)=O,COC1=CC(Cl)=CC(C(=O)[At])=C1
OC(=O)CC1CCCC1=O,O=C([At])CC1CCCC1=O
CCC1=CC=C(C=O)C=C1[N+]([O-])=O,CCC1=C([N+](=O)[O-])C=C(C[At])C=C1
OC(=O)C1=CC(O)=CC=C1,O=C([At])C1=CC=CC(O)=C1
OC(=O)C1=C(F)C=CC(Br)=C1,O=C([At])C1=CC(Br)=CC=C1F
COC1=C(C)C=C(C=C1C)C(O)=O,COC1=C(C)C=C(C(=O)[At])C=C1C
CC1=CC=C(I)C(=C1)C(O)=O,CC1=CC=C(I)C(C(=O)[At])=C1
OC(=O)CC1=CC=C(Cl)C=C1,O=C([At])CC1=CC=C(Cl)C=C1
OC(=O)C1=CN(C2CC2)C2=C(C=C(F)C(Cl)=N2)C1=O,O=C([At])C1=CN(C2CC2)C2=C(C=C(F)C(Cl)=N2)C1=O
CCC1=NC=C(N1)C=O,CCC1=NC=C(C[At])N1
COC1=CC=C(C=O)C(Cl)=C1OC,COC1=C(OC)C(Cl)=C(C[At])C=C1
[O-][N+](=O)C1=CC(C=O)=C(Br)C=C1,O=[N+]([O-])C1=CC(C[At])=C(Br)C=C1
CC(=O)N1CCC[C@H]1C(O)=O,CC(=O)N1CCC[C@H]1C(=O)[At]
OC(=O)C1=CN=C(O)C=N1,O=C([At])C1=NC=C(O)N=C1
Cc1nc(co1)C(O)=O,CC1=NC(C(=O)[At])=CO1
CC1=NNC=C1C(O)=O,CC1=NNC=C1C(=O)[At]
CC1=CC(C(O)=O)=C(O)C=C1,CC1=CC(C(=O)[At])=C(O)C=C1
CC1=C(C=O)N=C(O1)C1=CC=CS1,CC1=C(C[At])N=C(C2=CC=CS2)O1
OC(=O)C1=CSC=C1,O=C([At])C1=CSC=C1
COC1=CC=C(C=C1)C1=CC=C(C=O)C=C1,COC1=CC=C(C2=CC=C(C[At])C=C2)C=C1
CC1=CC=C(CCC(O)=O)C=C1,CC1=CC=C(CCC(=O)[At])C=C1
CC1CCC2=C(C1)SC=C2C(O)=O,CC1CCC2=C(C1)SC=C2C(=O)[At]
OC(=O)C1=CC=C(C=C)C=C1,C=CC1=CC=C(C(=O)[At])C=C1
CN1C=CC=C1C(O)=O,CN1C=CC=C1C(=O)[At]
OC(=O)CN1C=CC=N1,O=C([At])CN1C=CC=N1
CNC(=O)CCC(O)=O,CNC(=O)CCC(=O)[At]
OC(=O)C1=CNC(=O)N1,O=C([At])C1=CNC(=O)N1
COC1=CC=CC(CC(O)=O)=C1,COC1=CC=CC(CC(=O)[At])=C1
OC(=O)CC1=C(F)C=C(F)C=C1,O=C([At])CC1=CC=C(F)C=C1F
COC1=CC2=C(C=C1)C=C(C=O)C=C2,COC1=CC2=CC=C(C[At])C=C2C=C1
OC(=O)C1=C(Br)C=CC=C1,O=C([At])C1=CC=CC=C1Br
CC1=C(C=CC=C1CC(O)=O)[N+]([O-])=O,CC1=C(CC(=O)[At])C=CC=C1[N+](=O)[O-]
CC(C1=CC(=CC=C1)C(=O)C2=CC=CC=C2)C(=O)O,CC(C(=O)[At])C1=CC=CC(C(=O)C2=CC=CC=C2)=C1
CC1=C(SC=N1)C(O)=O,CC1=C(C(=O)[At])SC=N1
OC(=O)C1=C2OC3=C(C=CC=C3)C2=CC=C1,O=C([At])C1=CC=CC2=C1OC1=C2C=CC=C1
COC1=CC=NC=C1C=O,COC1=C(C[At])C=NC=C1
CC1=C(O)C=C(C=C1)C(O)=O,CC1=CC=C(C(=O)[At])C=C1O
OC(=O)C1=CC=C(OC(F)(F)F)C=C1,O=C([At])C1=CC=C(OC(F)(F)F)C=C1
OC(=O)C1=CC=CC2=C1CCCC2,O=C([At])C1=C2CCCCC2=CC=C1
CN1N=C(C=C1C(O)=O)C(C)(C)C,CN1N=C(C(C)(C)C)C=C1C(=O)[At]
OC1=CC=C(C=O)C(=C1)C(F)(F)F,OC1=CC(C(F)(F)F)=C(C[At])C=C1
O=CC1=C(C=CC=C1)C#C,C#CC1=CC=CC=C1C[At]
OC1=C(C=O)C=C(Cl)C=C1,OC1=CC=C(Cl)C=C1C[At]
CC1=C(\\C=C\\C(O)=O)C=CC=C1,CC1=CC=CC=C1/C=C/C(=O)[At]
OC(=O)CCCCC#C,C#CCCCCC(=O)[At]
CC(CC(O)=O)CC(C)(C)C,CC(CC(=O)[At])CC(C)(C)C
OC(=O)C1=CC(I)=CC=C1,O=C([At])C1=CC=CC(I)=C1
OC(=O)C1=NC(Cl)=CC=C1Br,O=C([At])C1=C(Br)C=CC(Cl)=N1
O=CC1=CNN=C1,[At]CC1=CNN=C1
CC1=C(C)C(C=O)=CC=C1,CC1=C(C)C(C[At])=CC=C1
OC(=O)C1=CC=C2N=CC=NC2=C1,O=C([At])C1=CC2=NC=CN=C2C=C1
COC(=O)CC(=C)C(O)=O,C=C(CC(=O)[At])C(=O)O
OC(=O)C1=CC=C(C=C1)[N+]([O-])=O,O=C([At])C1=CC=C([N+](=O)[O-])C=C1
OC(=O)CCC1=CC=CC(F)=C1,O=C([At])CCC1=CC(F)=CC=C1
CC(C)(C)OC(=O)N[C@@H](CC1=CC=CS1)C(O)=O,CC(C)(C)OC(=O)N[C@@H](CC1=CC=CS1)C(=O)[At]
CC1=CC(C=O)=CC(C)=C1,CC1=CC(C[At])=CC(C)=C1
OC(=O)C1=NNC2=CC=CC=C12,O=C([At])C1=NNC2=CC=CC=C12
OC(=O)CN1CCCCC1,O=C([At])CN1CCCCC1
COC1=CC(=CC(OC)=C1Br)C(O)=O,COC1=CC(C(=O)[At])=CC(OC)=C1Br
OC(=O)C1=CC2=C(OC(F)(F)O2)C=C1,O=C([At])C1=CC=C2OC(F)(F)OC2=C1
CCOC1=CC=C2NC(=CC2=C1)C(O)=O,CCOC1=CC2=C(C=C1)NC(C(=O)[At])=C2
OC(=O)C1=CSN=N1,O=C([At])C1=CSN=N1
OC(=O)C1=C(F)C=CC=C1,O=C([At])C1=CC=CC=C1F
OC(=O)CC1CCCCC1,O=C([At])CC1CCCCC1
OC(=O)C1=CC(O)=CC=C1F,O=C([At])C1=C(F)C=CC(O)=C1
OC(=O)C1=CC=C(C=C1)C1=CC=NC=C1,O=C([At])C1=CC=C(C2=CC=NC=C2)C=C1
COCC1=CC=C(O1)C(O)=O,COCC1=CC=C(C(=O)[At])O1
OC(=O)\\C=C\\C1=CC=C(C=C1)C(F)(F)F,O=C([At])/C=C/C1=CC=C(C(F)(F)F)C=C1
OC(=O)C1=CC=CC=C1,O=C([At])C1=CC=CC=C1
CCC(O)C(O)=O,CCC(O)C(=O)[At]
CC1=NC(=CS1)C1=CC(=NO1)C(O)=O,CC1=NC(C2=CC(C(=O)[At])=NO2)=CS1
O=CC1=CN=CN=C1,[At]CC1=CN=CN=C1
OC(=O)CCCCC1=CC=CC=C1,O=C([At])CCCCC1=CC=CC=C1
CC1=NC=C(C=C1)C(O)=O,CC1=CC=C(C(=O)[At])C=N1
COC1=CC=C(C=C1C)C(O)=O,COC1=C(C)C=C(C(=O)[At])C=C1
CC(C)OC1=CC=C(C=O)C=C1,CC(C)OC1=CC=C(C[At])C=C1
CC(C)CC1=CC=C(C=C1)C(C)C(O)=O,CC(C)CC1=CC=C(C(C)C(=O)[At])C=C1
[K+].OC([O-])=O,O=C([O-])[At]
OC(=O)CCC1=CC(O)=CC=C1,O=C([At])CCC1=CC=CC(O)=C1
COC1=CC=C(C(O)=O)C(F)=C1,COC1=CC(F)=C(C(=O)[At])C=C1
OC(=O)CCC1=CC=C(Br)C=C1,O=C([At])CCC1=CC=C(Br)C=C1
OC(=O)CC1=COC2=C1C=CC=C2,O=C([At])CC1=COC2=C1C=CC=C2
OC(=O)CCC1=CC=CC=C1F,O=C([At])CCC1=C(F)C=CC=C1
COC1=CC(C=O)=C(C=C1)[N+]([O-])=O,COC1=CC(C[At])=C([N+](=O)[O-])C=C1
OC(=O)[C@H]1CCCO1,O=C([At])[C@H]1CCCO1
CN1N=C(C(O)=O)C2=C1C=CC=C2,CN1N=C(C(=O)[At])C2=C1C=CC=C2
C[C@H](O)C(O)=O,C[C@H](O)C(=O)[At]
OC(=O)C1=CC2=C(NC=N2)C=C1,O=C([At])C1=CC=C2NC=NC2=C1
OC(=O)CC1=C(Br)C=C(F)C=C1,O=C([At])CC1=CC=C(F)C=C1Br
COC(=O)C1=CC=C(C=O)C=C1,O=CC1=CC=C(C(=O)[At])C=C1
CCC(C)(C)C(O)=O,CCC(C)(C)C(=O)[At]
CC1CCCC(C1)C(O)=O,CC1CCCC(C(=O)[At])C1
COC1=CC=C(\\C=C\\C(O)=O)C=C1,COC1=CC=C(/C=C/C(=O)[At])C=C1
FC(F)(F)C1=C(C=O)N=CC=C1,FC(F)(F)C1=CC=CN=C1C[At]
OC(=O)C1=CC=CN=C1OC1=CC=C(F)C=C1,O=C([At])C1=C(OC2=CC=C(F)C=C2)N=CC=C1
COC1=CC=C(C=O)C=C1C,COC1=C(C)C=C(C[At])C=C1
CN1N=C(C(O)=O)C2=CC=CC=C2C1=O,CN1N=C(C(=O)[At])C2=CC=CC=C2C1=O
OC(=O)C1CCCC1,O=C([At])C1CCCC1
CN1C=NC=C1C=O,CN1C=NC=C1C[At]
OC(=O)CC1=C(F)C=CC=C1F,O=C([At])CC1=C(F)C=CC=C1F
COC1=C(Cl)C=CC=C1C=O,COC1=C(C[At])C=CC=C1Cl
COC(=O)CCC(O)=O,O=C(O)CCC(=O)[At]
OC(=O)CCC1=CC=CC=C1Br,O=C([At])CCC1=C(Br)C=CC=C1
BrC1=C(C=O)C2=C(OCO2)C=C1,BrC1=CC=C2OCOC2=C1C[At]
OC(=O)COC1=CC=C(Br)C=C1,O=C([At])COC1=CC=C(Br)C=C1
FC1=CC=CC(=C1C=O)C(F)(F)F,FC1=C(C[At])C(C(F)(F)F)=CC=C1
OC(=O)C1=C2OCOC2=CC=C1,O=C([At])C1=CC=CC2=C1OCO2
OC(=O)C1=CC=CC=C1N1CCOCC1,O=C([At])C1=C(N2CCOCC2)C=CC=C1
NN.CC(O)=O,CC(=O)[At]
CCCC(C)C(O)=O,CCCC(C)C(=O)[At]
OC(=O)C1=C(Cl)C2=C(S1)C=C(F)C=C2,O=C([At])C1=C(Cl)C2=C(C=C(F)C=C2)S1
OC(=O)C1=CC=CN=C1,O=C([At])C1=CN=CC=C1
COC1=CC(OC)=C(CC(O)=O)C=C1,COC1=CC=C(CC(=O)[At])C(OC)=C1
ClC1=CC=C(Br)C(C=O)=C1,ClC1=CC=C(Br)C(C[At])=C1
OC(=O)CC1=CC=C(OC(F)(F)F)C=C1,O=C([At])CC1=CC=C(OC(F)(F)F)C=C1
OC(=O)CC1=CC=CC(OCC2=CC=CC=C2)=C1,O=C([At])CC1=CC(OCC2=CC=CC=C2)=CC=C1
CC(C)(C)OC(=O)NCC(=O)NCC(O)=O,CC(C)(C)OC(=O)NCC(=O)NCC(=O)[At]
OC(=O)C1=CC(Cl)=C(F)C=C1F,O=C([At])C1=C(F)C=C(F)C(Cl)=C1
OC(=O)C1=NC=CC=C1,O=C([At])C1=CC=CC=N1
CCC1=C(C=CC=C1)C(O)=O,CCC1=CC=CC=C1C(=O)[At]
OC(=O)C1=C(F)C(Cl)=CC=C1,O=C([At])C1=CC=CC(Cl)=C1F
O=CC1=CC=C(C=C1)N1C=CN=C1,[At]CC1=CC=C(N2C=CN=C2)C=C1
OC(=O)C1CCCN(C1)C(=O)OCC1c2ccccc2-c2ccccc12,O=C([At])C1CCCN(C(=O)OCC2C3=C(C=CC=C3)C3=C2C=CC=C3)C1
OC(=O)\\C=C\\C1=CC=C(Cl)C=C1,O=C([At])/C=C/C1=CC=C(Cl)C=C1
COC1=C(OC)C=C(CC(O)=O)C=C1,COC1=CC=C(CC(=O)[At])C=C1OC
COC1=CC(OC)=NC(=N1)C(O)=O,COC1=NC(C(=O)[At])=NC(OC)=C1
OC(CC1=CC=CC=C1)C(O)=O,O=C([At])C(O)CC1=CC=CC=C1
CCOC1=CC=CC(C=O)=C1O,CCOC1=CC=CC(C[At])=C1O
CC1=CC=C(S1)C(O)=O,CC1=CC=C(C(=O)[At])S1
OC(=O)C1=NOC(=C1)C1=CC=CC=C1,O=C([At])C1=NOC(C2=CC=CC=C2)=C1
NS(=O)(=O)c1ccc(cc1)C(O)=O,NS(=O)(=O)C1=CC=C(C(=O)[At])C=C1
OC(=O)C1=C(F)C=C(F)C=N1,O=C([At])C1=NC=C(F)C=C1F
OC(=O)c1cccc(F)c1,O=C([At])C1=CC(F)=CC=C1
OC(=O)C1=CC2=C(C=C1)N=CS2,O=C([At])C1=CC=C2N=CSC2=C1
CC1=CC(C)=C(C=C1)C(O)=O,CC1=CC=C(C(=O)[At])C(C)=C1
OC(=O)C1=CC=C(C=C1)C#N,N#CC1=CC=C(C(=O)[At])C=C1
OC(=O)C1=C(COC2=CC=CC=C2)C=CC=C1,O=C([At])C1=CC=CC=C1COC1=CC=CC=C1
OC(=O)C1=CC(F)=C(F)C(F)=C1F,O=C([At])C1=C(F)C(F)=C(F)C(F)=C1
COC1=C(OC)C(Br)=CC(C=O)=C1,COC1=C(OC)C(Br)=CC(C[At])=C1
COC1=CC=C(C=C1)C1=CC=C(S1)C=O,COC1=CC=C(C2=CC=C(C[At])S2)C=C1
CCCC1CCC(CC1)C(O)=O,CCCC1CCC(C(=O)[At])CC1
COC1=C(C)C=C(C(O)=O)C(C)=C1,COC1=CC(C)=C(C(=O)[At])C=C1C
CN1CC(CC1=O)C(O)=O,CN1CC(C(=O)[At])CC1=O
CC(C)[C@@H]1CC[C@@H](C)C[C@H]1OCC(O)=O,CC(C)[C@@H]1CC[C@@H](C)C[C@H]1OCC(=O)[At]
CC(O)C(O)=O,CC(O)C(=O)[At]
COC1=C(OC)C=C(C=C1)C(O)=O,COC1=CC=C(C(=O)[At])C=C1OC
[O-][N+](=O)C1=CC=C(C=O)C=C1,O=[N+]([O-])C1=CC=C(C[At])C=C1
ClC1=C(Br)C=CC=C1C=O,ClC1=C(C[At])C=CC=C1Br
C\\C=C\\C(O)=O,C/C=C/C(=O)[At]
CC(CC=C)C(O)=O,C=CCC(C)C(=O)[At]
CC(=O)NCCCCCC(O)=O,CC(=O)NCCCCCC(=O)[At]
COC1=CC(F)=CC=C1C=O,COC1=C(C[At])C=CC(F)=C1
CC(C)(O)C(O)=O,CC(C)(O)C(=O)[At]
OC(=O)C1=CC=C(Br)S1,O=C([At])C1=CC=C(Br)S1
NS(=O)(=O)C1=CC=CC(=C1)C(O)=O,NS(=O)(=O)C1=CC=CC(C(=O)[At])=C1
OC(=O)C1=C(C=C(C=C1)[N+]([O-])=O)C(F)(F)F,O=C([At])C1=CC=C([N+](=O)[O-])C=C1C(F)(F)F
CCC#CC(O)=O,CCC#CC(=O)[At]
OC(=O)C1=CC(Br)=C(O)C=C1,O=C([At])C1=CC=C(O)C(Br)=C1
COC1=CC2=CC=C(C=C2C=C1)[C@H](C)C(O)=O,COC1=CC=C2C=C([C@H](C)C(=O)[At])C=CC2=C1
ClC1=CC(C=O)=CC(Br)=C1,ClC1=CC(C[At])=CC(Br)=C1
CC1=CC(C(O)=O)=C(C)C=C1,CC1=CC(C(=O)[At])=C(C)C=C1
COC1=CC=C(CC(O)=O)C=C1,COC1=CC=C(CC(=O)[At])C=C1
CC(C(O)=O)C1=CC=C(C)C=C1,CC1=CC=C(C(C)C(=O)[At])C=C1
CC1=NC(=NO1)C1=CC=C(C=C1)C(O)=O,CC1=NC(C2=CC=C(C(=O)[At])C=C2)=NO1
CC(C)(C)OC(=O)N1[C@H](COC1(C)C)C=O,CC(C)(C)OC(=O)N1[C@@H](C[At])COC1(C)C
OC(=O)CC1=CC=CC=C1,O=C([At])CC1=CC=CC=C1
COC(=O)c1ccc(cn1)C(O)=O,O=C(O)C1=CN=C(C(=O)[At])C=C1
OC(=O)C1=C2C=CC=CC2=CC=C1,O=C([At])C1=CC=CC2=C1C=CC=C2
COC1=CC=CC(=C1)C1(CCC1)C(O)=O,COC1=CC=CC(C2(C(=O)[At])CCC2)=C1
C[C@H]1C[C@H]1C(O)=O,C[C@H]1C[C@H]1C(=O)[At]
OC(=O)COC1=C(Cl)C=CC=C1,O=C([At])COC1=CC=CC=C1Cl
COCCOCC(O)=O,COCCOCC(=O)[At]
COC1=CN=C(C=C1Cl)C(O)=O,COC1=C(Cl)C=C(C(=O)[At])N=C1
CC1=CC(O)=CC(=C1)C(O)=O,CC1=CC(O)=CC(C(=O)[At])=C1
COC1=C(Br)C=C(C=O)C=C1,COC1=CC=C(C[At])C=C1Br
CC1=CC=CC(C=O)=N1,CC1=CC=CC(C[At])=N1
OC(=O)C1=CC=CN=C1S,O=C([At])C1=C(S)N=CC=C1
CC(O)=O.CC(O)=O.NCCN,CC(=O)[At]
CC1=CC=C(F)C(=C1)C(O)=O,CC1=CC=C(F)C(C(=O)[At])=C1
CC1=C(Cl)C(=CC=C1)C(O)=O,CC1=C(Cl)C(C(=O)[At])=CC=C1
CC1(CCC1)C(O)=O,CC1(C(=O)[At])CCC1
CCCCCCCCC(O)=O,CCCCCCCCC(=O)[At]
OC(=O)CSC1=CC=CC=C1,O=C([At])CSC1=CC=CC=C1
CC1=CC(F)=C(C=C1)C(O)=O,CC1=CC=C(C(=O)[At])C(F)=C1
OC(=O)C1=C(C=CC(O)=C1)[N+]([O-])=O,O=C([At])C1=CC(O)=CC=C1[N+](=O)[O-]
CC(C)(C)OC(=O)N1CCC(CC1)C(O)=O,CC(C)(C)OC(=O)N1CCC(C(=O)[At])CC1
OC(=O)C1CCOC1,O=C([At])C1CCOC1
CC(C)(C)OC(=O)NC1(CCOCC1)C(O)=O,CC(C)(C)OC(=O)NC1(C(=O)[At])CCOCC1
COC1=CC(=CC=C1OC(C)C)C(O)=O,COC1=CC(C(=O)[At])=CC=C1OC(C)C
COC1=CC=C(CCC(O)=O)C=C1,COC1=CC=C(CCC(=O)[At])C=C1
COC1=CC(CC(O)=O)=C(OC)C=C1,COC1=CC(CC(=O)[At])=C(OC)C=C1
OC(=O)C1=CC(Br)=CN=C1Cl,O=C([At])C1=C(Cl)N=CC(Br)=C1
[2H]C1=NC([2H])=C(C([2H])=C1[2H])C(O)=O,[2H]C1=C([2H])C([2H])=C(C(=O)[At])C([2H])=N1
CSCC[C@@H](CC(O)=O)NC(=O)OC(C)(C)C,CSCC[C@@H](CC(=O)[At])NC(=O)OC(C)(C)C
OC1=C(C=O)C=C(Br)C=C1,OC1=CC=C(Br)C=C1C[At]
OC(=O)C1=C(C=CC=C1)N1N=CC=N1,O=C([At])C1=CC=CC=C1N1N=CC=N1
OC(=O)C[C@]12C[C@H]3C[C@H](C[C@H](C3)C1)C2,O=C([At])C[C@]12C[C@H]3C[C@H](C[C@H](C3)C1)C2
FC(F)(F)OC1=CC=CC(C=O)=C1,FC(F)(F)OC1=CC=CC(C[At])=C1
CC(Br)C(O)=O,CC(Br)C(=O)[At]
COC1=C(O)C=CC(CC(O)=O)=C1,COC1=C(O)C=CC(CC(=O)[At])=C1
CS(=O)(=O)NCC(O)=O,CS(=O)(=O)NCC(=O)[At]
OC(=O)c1ccc2OCOc2c1,O=C([At])C1=CC2=C(C=C1)OCO2
CC1=C(C=CC(=C1)C(O)=O)[N+]([O-])=O,CC1=C([N+](=O)[O-])C=CC(C(=O)[At])=C1
CC1=CC(O)=C(C=N1)C(O)=O,CC1=NC=C(C(=O)[At])C(O)=C1
COC1=CC=CC(CCC(O)=O)=C1OC,COC1=CC=CC(CCC(=O)[At])=C1OC
CC(CC(O)=O)NC(C)=O,CC(=O)NC(C)CC(=O)[At]
FC(F)(F)C1=CC=C(C=O)C=C1,FC(F)(F)C1=CC=C(C[At])C=C1
OC(=O)CCOC1=CC=CC=C1,O=C([At])CCOC1=CC=CC=C1
OC(=O)c1cccc2cc[nH]c12,O=C([At])C1=C2NC=CC2=CC=C1
CN1CCC(CC1)C(O)=O,CN1CCC(C(=O)[At])CC1
OC(=O)C1=C(O)C=C(F)C=C1,O=C([At])C1=CC=C(F)C=C1O
CC1=C(Br)C=C(C=C1Br)C(O)=O,CC1=C(Br)C=C(C(=O)[At])C=C1Br
OC(=O)C1=C(F)C(F)=CC=C1,O=C([At])C1=CC=CC(F)=C1F
OC(=O)CC1CC1,O=C([At])CC1CC1
CC1=CC=C(C=C1)C1(CC1)C(O)=O,CC1=CC=C(C2(C(=O)[At])CC2)C=C1
COC1=C(C=NC(Cl)=C1)C(O)=O,COC1=CC(Cl)=NC=C1C(=O)[At]
CC(C)(C)OC(=O)NC1(CCCCC1)C(O)=O,CC(C)(C)OC(=O)NC1(C(=O)[At])CCCCC1
OC(=O)C1=CC=CC(=C1)N1C=CC=N1,O=C([At])C1=CC(N2C=CC=N2)=CC=C1
O[C@@H]1C[C@H](N(C1)C(=O)OCC1=CC=CC=C1)C(O)=O,O=C([At])[C@@H]1C[C@@H](O)CN1C(=O)OCC1=CC=CC=C1
O=CC1=C(OCC2=CC=CC=C2)C=CC=C1,[At]CC1=CC=CC=C1OCC1=CC=CC=C1
CC(C)(Br)C(O)=O,CC(C)(Br)C(=O)[At]
OC(=O)C1=CC(F)=C(Cl)C=C1Cl,O=C([At])C1=C(Cl)C=C(Cl)C(F)=C1
OC(=O)CCC1NC(=O)NC1=O,O=C([At])CCC1NC(=O)NC1=O
OC(=O)C1=CC(OC(F)(F)F)=CC=C1,O=C([At])C1=CC=CC(OC(F)(F)F)=C1
COC1=CC(=C(C=C1)C(O)=O)[N+]([O-])=O,COC1=CC=C(C(=O)[At])C([N+](=O)[O-])=C1
COC1=CC(OC)=C(C=O)C=C1,COC1=CC=C(C[At])C(OC)=C1
C\\C(=C/C1=CC=CC=C1)C(O)=O,C/C(=C\C1=CC=CC=C1)C(=O)[At]
CCOC1=C(C=CC=C1)C(O)=O,CCOC1=CC=CC=C1C(=O)[At]
ClC1=CC=CC(Cl)=C1C=O,ClC1=CC=CC(Cl)=C1C[At]
OC(=O)CC(=O)OCC1=CC=CC=C1,O=C([At])CC(=O)OCC1=CC=CC=C1
OC(=O)C1=CC=CC(Br)=C1F,O=C([At])C1=C(F)C(Br)=CC=C1
CN1C=NC(=C1)C(O)=O,CN1C=NC(C(=O)[At])=C1
CC(=O)C1=CC=C(C=O)C=C1,CC(=O)C1=CC=C(C[At])C=C1
OC(=O)CCC1=CNC2=C1C=CC=C2,O=C([At])CCC1=CNC2=C1C=CC=C2
CC(C)(C)OC(=O)N[C@@H](C(O)=O)C1=CC=CC=C1,CC(C)(C)OC(=O)N[C@@H](C(=O)[At])C1=CC=CC=C1
COC1=CC(C=O)=CC(OC)=C1OC,COC1=CC(C[At])=CC(OC)=C1OC
COC1=C(OCC2=CC=CC=C2)C=C(C=O)C=C1,COC1=CC=C(C[At])C=C1OCC1=CC=CC=C1
COC1=C(CC(O)=O)C=C(C)C=C1,COC1=CC=C(C)C=C1CC(=O)[At]
CC(C(O)=O)C1=CC=C(O)C=C1,CC(C(=O)[At])C1=CC=C(O)C=C1
OC(=O)C1=CC2=C(OC1)C=CC(Cl)=C2,O=C([At])C1=CC2=C(C=CC(Cl)=C2)OC1
COC1=C(Cl)C=CC(=C1)C(O)=O,COC1=C(Cl)C=CC(C(=O)[At])=C1
Cl.CC1=NC=C(CO)C(C=O)=C1O,CC1=NC=C(CO)C(C[At])=C1O
COC(C(O)=O)C1=CC=CC=C1,COC(C(=O)[At])C1=CC=CC=C1
OC(=O)C1=CC=C(C=C1Br)[N+]([O-])=O,O=C([At])C1=C(Br)C=C([N+](=O)[O-])C=C1
O=CCCN1C(=O)C2=C(C=CC=C2)C1=O,O=C1C2=C(C=CC=C2)C(=O)N1CCC[At]
OC(=O)C1=CC(F)=CC(Br)=C1,O=C([At])C1=CC(Br)=CC(F)=C1
OC(=O)c1ccc2[nH]ncc2c1,O=C([At])C1=CC2=C(C=C1)NN=C2
CC(=C)C(O)=O,C=C(C)C(=O)[At]
COC1=C(F)C(=CC=C1F)C(O)=O,COC1=C(F)C(C(=O)[At])=CC=C1F
OC(=O)C1=CC=C(S1)[N+]([O-])=O,O=C([At])C1=CC=C([N+](=O)[O-])S1
OC(=O)C1CCCC2=C1C=CC=C2,O=C([At])C1CCCC2=C1C=CC=C2
CC(C)[C@H](O)C(O)=O,CC(C)[C@H](O)C(=O)[At]
OC(=O)CC1=CC(F)=CC=C1,O=C([At])CC1=CC=CC(F)=C1
CC(=O)C1=CC=C(S1)C(O)=O,CC(=O)C1=CC=C(C(=O)[At])S1
CC1=CC=C(\\C=C\\C(O)=O)C=C1,CC1=CC=C(/C=C/C(=O)[At])C=C1
OC(=O)C1=C(Cl)C=CC(Cl)=N1,O=C([At])C1=NC(Cl)=CC=C1Cl
OC(=O)C1=CC=CC(=C1F)[N+]([O-])=O,O=C([At])C1=C(F)C([N+](=O)[O-])=CC=C1
OC(=O)C1CN(C1)C(=O)OCC1c2ccccc2-c2ccccc12,O=C([At])C1CN(C(=O)OCC2C3=C(C=CC=C3)C3=C2C=CC=C3)C1
OC(=O)C1=CC=CN2C=CN=C12,O=C([At])C1=CC=CN2C=CN=C12
OC(=O)C1=CC(Br)=CN=C1Br,O=C([At])C1=C(Br)N=CC(Br)=C1
OC(=O)C1CCS(=O)(=O)C1,O=C([At])C1CCS(=O)(=O)C1
COC1=CC=C(C)C(=C1)C(O)=O,COC1=CC=C(C)C(C(=O)[At])=C1
OC(=O)C1=C(F)C=C(Cl)C=C1,O=C([At])C1=CC=C(Cl)C=C1F
ClC1=CC(C=O)=NC=C1,ClC1=CC(C[At])=NC=C1
OC(=O)C1=CC2=CC=NN2C=C1,O=C([At])C1=CC2=CC=NN2C=C1
CC1=C(C)C=C(C=C1)C(O)=O,CC1=CC=C(C(=O)[At])C=C1C
OC(=O)CC1=C(Br)C=CC=C1,O=C([At])CC1=CC=CC=C1Br
CC1=C(C=NO1)C(O)=O,CC1=C(C(=O)[At])C=NO1
CCOC1=C(O)C=CC(C=O)=C1,CCOC1=C(O)C=CC(C[At])=C1
FC1=CC(Br)=C(C=O)C=C1,FC1=CC=C(C[At])C(Br)=C1
OC(=O)CCC1=CC=C(F)C=C1,O=C([At])CCC1=CC=C(F)C=C1
OC(=O)\\C=C\\C1=CC=C(C=C1)[N+]([O-])=O,O=C([At])/C=C/C1=CC=C([N+](=O)[O-])C=C1
BrC1=NC=CC(C=O)=C1,BrC1=NC=CC(C[At])=C1
COC1=NC=C(C=C1)C(O)=O,COC1=CC=C(C(=O)[At])C=N1
CC1=CC(C=O)=C(O)C=C1,CC1=CC(C[At])=C(O)C=C1
FC1=C(C=O)C=CC=C1Cl,FC1=C(Cl)C=CC=C1C[At]
C[C@H](NC(=O)OCC1=CC=CC=C1)C(O)=O,C[C@H](NC(=O)OCC1=CC=CC=C1)C(=O)[At]
CCCC(O)=O,CCCC(=O)[At]
NC(=O)CCC(O)=O,NC(=O)CCC(=O)[At]
CN(C)C1=CC=C(CC(O)=O)C=C1,CN(C)C1=CC=C(CC(=O)[At])C=C1
CC(C)C[C@H](Cl)C(O)=O,CC(C)C[C@H](Cl)C(=O)[At]
COC(=O)C[C@H](NC(=O)OC(C)(C)C)C(O)=O,CC(C)(C)OC(=O)N[C@@H](CC(=O)[At])C(=O)O
O=CC1CC1,[At]CC1CC1
CC1=CC=C(C=O)N=C1,CC1=CN=C(C[At])C=C1
OC(=O)C1=NNC2=NC=CC=C12,O=C([At])C1=NNC2=NC=CC=C12
OC(=O)CC1=CC=C(O)C=C1,O=C([At])CC1=CC=C(O)C=C1
CC(C(O)=O)C1=CC=CC=C1,CC(C(=O)[At])C1=CC=CC=C1
CC1CCCCC1C(O)=O,CC1CCCCC1C(=O)[At]
COC(=O)C1=CC=C(C=O)N=C1,O=CC1=NC=C(C(=O)[At])C=C1
CC(C)C(N(C)C)C(O)=O,CC(C)C(C(=O)[At])N(C)C
O=CC1=C(C=CC=C1)C#N,N#CC1=CC=CC=C1C[At]
CCCCC(CC)C(O)=O,CCCCC(CC)C(=O)[At]
CC(C)(C)OC(=O)N[C@@H](CC1=CC=CC=C1)C=O,CC(C)(C)OC(=O)N[C@H](C[At])CC1=CC=CC=C1
COC(=O)C1=CC=CC(C=O)=C1,O=CC1=CC=CC(C(=O)[At])=C1
COCCC(O)=O,COCCC(=O)[At]
OC(=O)C1=C(Br)C=CO1,O=C([At])C1=C(Br)C=CO1
COC1=CC=C(Cl)C=C1C=O,COC1=C(C[At])C=C(Cl)C=C1
OC(=O)CC1=CNC2=C1C=CC(F)=C2,O=C([At])CC1=CNC2=C1C=CC(F)=C2
OC(=O)C1=CC(=NC=C1)[N+]([O-])=O,O=C([At])C1=CC=NC([N+](=O)[O-])=C1
CN(CCC=O)C(=O)OC(C)(C)C,CN(CCC[At])C(=O)OC(C)(C)C
CN(C)C1=CC=CC(=C1)C(O)=O,CN(C)C1=CC=CC(C(=O)[At])=C1
OC(=O)C(CC1=CC=CC=C1)C1=CC=CC=C1,O=C([At])C(CC1=CC=CC=C1)C1=CC=CC=C1
CC(=O)O[C@H](C(O)=O)C1=CC=CC=C1,CC(=O)[At]
OC(=O)C1=CN=C(C=C1)C1=CC=CC=C1,O=C([At])C1=CC=C(C2=CC=CC=C2)N=C1
CC1=CC=C(C=O)C(Br)=C1,CC1=CC(Br)=C(C[At])C=C1
CN1C=C(C(O)=O)C(=N1)C(F)F,CN1C=C(C(=O)[At])C(C(F)F)=N1
Cn1cc(cn1)C(O)=O,CN1C=C(C(=O)[At])C=N1
CC(C)(C)OC(=O)N1CCCC1CC(O)=O,CC(C)(C)OC(=O)N1CCCC1CC(=O)[At]
O=CCOCC1=CC=CC=C1,[At]CCOCC1=CC=CC=C1
O[C@@H](C(O)=O)C1=CC=CC=C1Cl,O=C([At])[C@H](O)C1=C(Cl)C=CC=C1
CC1=NC(Cl)=C(C=C1)C(O)=O,CC1=CC=C(C(=O)[At])C(Cl)=N1
OC1=CC2=C(C=C1)C=C(C=O)C=C2,OC1=CC2=CC=C(C[At])C=C2C=C1
COC1=CC=C(C=C1F)C(O)=O,COC1=C(F)C=C(C(=O)[At])C=C1
COC1=CC=C(C=C1)C(O)=O,COC1=CC=C(C(=O)[At])C=C1
